time,seconds_elapsed,z,y,x
1789323451566467300,0.10946728515625,0,0,0
1789323451585317600,0.128317626953125,-0.13332843780517578,-0.00154876708984375,0.09337075054645538
1789323451604168200,0.147168212890625,-0.29948997497558594,-0.026538848876953125,0.16208308935165405
1789323451623018500,0.1660185546875,-0.5607738494873047,-0.010833740234375,0.17367185652256012
1789323451641868800,0.184868896484375,-0.7979650497436523,0.11260414123535156,0.05891941487789154
1789323451660719000,0.203718994140625,-0.8390927314758301,0.21343660354614258,-0.2771799564361572
1789323451679569700,0.222569580078125,-0.4952249526977539,0.36334943771362305,-0.7391990423202515
1789323451698420000,0.241419921875,-0.33174800872802734,0.2258305549621582,-0.8160104155540466
1789323451717270500,0.2602705078125,-0.1500396728515625,0.0072596073150634766,-0.6671406626701355
1789323451736120800,0.279120849609375,0.3224058151245117,0.10599303245544434,-0.7145460247993469
1789323451754971100,0.29797119140625,0.4848499298095703,-0.18546795845031738,-0.547232449054718
1789323451773821700,0.31682177734375,0.35791778564453125,-0.39713239669799805,-0.435139536857605
1789323451792672000,0.335672119140625,0.26159000396728516,-0.26720523834228516,-0.3667762279510498
1789323451811522300,0.354522216796875,0.34243011474609375,-0.06517696380615234,-0.25161516666412354
1789323451830372600,0.37337255859375,0.4935302734375,-0.19382429122924805,0.03504973649978638
1789323451849223200,0.39222314453125,0.27812767028808594,-0.189910888671875,-0.08620744943618774
1789323451868073500,0.411073486328125,-0.009587287902832031,0.23392629623413086,-0.47330039739608765
1789323451886923800,0.429923828125,-0.10570144653320312,0.3251461982727051,-0.6643788814544678
1789323451905774300,0.4487744140625,0.47850894927978516,0.07129144668579102,-0.723151445388794
1789323451924624600,0.467624755859375,1.1678590774536133,-0.06463050842285156,-0.5109898447990417
1789323451943475000,0.486474853515625,1.378788948059082,-0.05106306076049805,-0.18658506870269775
1789323451962325500,0.505325439453125,1.2638731002807617,-0.08594655990600586,0.021826326847076416
1789323451981175800,0.52417578125,0.4234580993652344,0.10303497314453125,-0.04697045683860779
1789323452000026000,0.543026123046875,-0.42034053802490234,0.24887990951538086,0.13440030813217163
1789323452018876700,0.561876708984375,-0.6390829086303711,0.14619827270507812,0.5261125564575195
1789323452037727000,0.58072705078125,-0.0808248519897461,0.1510615348815918,0.585404634475708
1789323452056577300,0.599577392578125,0.4070892333984375,0.03682851791381836,0.3181856572628021
1789323452075427800,0.618427734375,0.8187942504882812,-0.29633378982543945,0.11077478528022766
1789323452094278100,0.637278076171875,0.6290349960327148,-0.724109411239624,0.028384149074554443
1789323452113128400,0.65612841796875,-0.087188720703125,-0.8659090995788574,0.12991377711296082
1789323452131978800,0.674978759765625,-1.264474868774414,-1.1820087432861328,0.7604910135269165
1789323452150829300,0.693829345703125,-1.7721877098083496,-2.02484130859375,1.7523603439331055
1789323452169679600,0.7126796875,-1.975698471069336,-2.5492663383483887,1.9157335758209229
1789323452188530000,0.731530029296875,-2.092130661010742,-2.8186702728271484,2.279351234436035
1789323452207380500,0.75038037109375,-2.121072769165039,-3.201056957244873,2.6902225017547607
1789323452226230800,0.769230712890625,-2.1150879859924316,-3.1331872940063477,3.166966438293457
1789323452245081000,0.7880810546875,-0.5739078521728516,-2.146355628967285,3.1834278106689453
1789323452263931400,0.806931396484375,-0.1378040313720703,-1.1315057277679443,2.263209581375122
1789323452282782000,0.825781982421875,-0.6057548522949219,-1.3562397956848145,2.082728147506714
1789323452301632300,0.84463232421875,-2.0460948944091797,-2.1874732971191406,2.6852288246154785
1789323452320482600,0.863482666015625,-1.76069974899292,-2.393122911453247,3.259631633758545
1789323452339333000,0.8823330078125,-0.7418556213378906,-1.6143773794174194,2.549619197845459
1789323452358183400,0.901183349609375,0.31241273880004883,-1.9265730381011963,2.7723727226257324
1789323452377033700,0.92003369140625,0.2140827178955078,-3.5151658058166504,3.2549703121185303
1789323452395884300,0.93888427734375,0.7024292945861816,-3.453324317932129,2.1874401569366455
1789323452414734600,0.957734619140625,1.5682272911071777,-2.860227584838867,1.6307733058929443
1789323452433585000,0.9765849609375,2.4849295616149902,-2.811746120452881,0.8642058372497559
1789323452452435200,0.995435302734375,2.0693325996398926,-3.4859139919281006,-0.061322689056396484
1789323452471285800,1.01428564453125,1.2003302574157715,-3.7376291751861572,-1.0924031734466553
1789323452490136000,1.033135986328125,0.9887223243713379,-3.6827735900878906,-1.9287619590759277
1789323452518411500,1.06141162109375,1.1986656188964844,-3.8137688636779785,-3.3813834190368652
1789323452537262000,1.080261962890625,0.871680736541748,-3.413565158843994,-3.806015729904175
1789323452556112400,1.0991123046875,1.315037727355957,-2.9846596717834473,-3.719897985458374
1789323452574962700,1.117962646484375,2.4107584953308105,-2.578094482421875,-4.693599700927734
1789323452593813200,1.136813232421875,3.136056900024414,-2.2185869216918945,-5.959007740020752
1789323452612663600,1.15566357421875,3.3312196731567383,-1.729963779449463,-6.68911075592041
1789323452631513900,1.174513916015625,4.279156684875488,-1.0780487060546875,-8.012170791625977
1789323452659789300,1.202789306640625,7.508289337158203,0.20131683349609375,-9.906047821044922
1789323452678639900,1.221639892578125,6.972285270690918,1.3916020393371582,-10.742652893066406
1789323452697490200,1.240490234375,7.4808197021484375,2.9620556831359863,-12.39769172668457
1789323452716340500,1.259340576171875,6.036503791809082,3.3319082260131836,-11.287288665771484
1789323452735191000,1.27819091796875,5.761493682861328,4.542318344116211,-7.776278972625732
1789323452763466500,1.306466552734375,5.858476638793945,5.513654708862305,-3.707097053527832
1789323452782316800,1.32531689453125,4.632234573364258,5.737342357635498,-2.3463568687438965
1789323452801167400,1.34416748046875,3.026439666748047,5.220970153808594,-1.8072400093078613
1789323452820017700,1.363017578125,1.378896713256836,4.321626663208008,-1.5443401336669922
1789323452838868000,1.381867919921875,0.08296918869018555,3.509086847305298,-1.5598316192626953
1789323452857718300,1.40071826171875,-0.32305335998535156,2.1600213050842285,-0.5579915046691895
1789323452876568800,1.41956884765625,-0.9758892059326172,0.5567889213562012,1.5054326057434082
1789323452895419100,1.438419189453125,-1.7382903099060059,-1.483264446258545,3.7286226749420166
1789323452914269400,1.45726953125,-2.0118541717529297,-3.748335838317871,4.618382453918457
1789323452933120000,1.4761201171875,-2.0560450553894043,-4.638174057006836,3.380951404571533
1789323452951970300,1.49497021484375,-1.578211784362793,-5.5253448486328125,1.3091645240783691
1789323452970820600,1.513820556640625,-1.9345202445983887,-6.249511241912842,0.11157369613647461
1789323452989671200,1.532671142578125,-2.494272232055664,-5.637308120727539,-0.7518448829650879
1789323453008521500,1.551521484375,-1.8941125869750977,-4.468196868896484,-1.3299040794372559
1789323453027371800,1.570371826171875,-1.3400964736938477,-3.075267791748047,-1.139315128326416
1789323453046222000,1.58922216796875,-0.8525290489196777,-1.6426568031311035,-0.9907479286193848
1789323453065072600,1.60807275390625,-1.0034332275390625,-0.8892343044281006,-0.4291858673095703
1789323453083923000,1.6269228515625,-0.9331293106079102,-0.5089764595031738,-0.7183823585510254
1789323453102773200,1.645773193359375,-1.3549351692199707,-0.03013324737548828,0.14645767211914062
1789323453121623600,1.66462353515625,-1.367238998413086,0.2592353820800781,0.13217735290527344
1789323453140474000,1.68347412109375,-1.940526008605957,0.22525405883789062,0.6633868217468262
1789323453168749600,1.71174951171875,-0.5351862907409668,0.5641956329345703,2.1427865028381348
1789323453187600100,1.73060009765625,0.37166452407836914,1.2093745470046997,0.31479310989379883
1789323453206450400,1.749450439453125,-0.32217931747436523,1.0082769393920898,0.98974609375
1789323453225300700,1.76830078125,-0.26247358322143555,1.156983494758606,1.816601276397705
1789323453244151000,1.787151123046875,0.25058603286743164,1.6244016885757446,3.254101037979126
1789323453263001300,1.80600146484375,0.3995800018310547,1.8558417558670044,4.346541404724121
1789323453281852000,1.824851806640625,-0.5312952995300293,1.5705511569976807,4.282777786254883
1789323453300702200,1.8437021484375,-0.9165053367614746,0.5549449920654297,3.3189001083374023
1789323453319552500,1.862552490234375,-1.2509031295776367,-0.42021775245666504,1.7706429958343506
1789323453338403000,1.881403076171875,-1.6867570877075195,-0.35432958602905273,0.10086917877197266
1789323453357253400,1.90025341796875,-0.7529878616333008,-0.19229698181152344,-0.45412492752075195
1789323453376103700,1.919103759765625,-0.04627847671508789,-0.08775568008422852,0.15316247940063477
1789323453394954000,1.9379541015625,0.4695553779602051,0.1817765235900879,0.36247873306274414
1789323453413804500,1.956804443359375,0.11449670791625977,0.39208221435546875,1.556584358215332
1789323453432654800,1.97565478515625,0.17678594589233398,0.5396518707275391,3.0536909103393555
1789323453451505200,1.994505126953125,-1.1976985931396484,0.8250517845153809,2.5965585708618164
1789323453470355500,2.01335546875,-2.4180779457092285,0.8369531631469727,-3.1052653789520264
1789323453489206000,2.0322060546875,-1.4356493949890137,0.6197123527526855,-6.287196159362793
1789323453508056300,2.051056396484375,0.5627942085266113,0.3966708183288574,-5.438572883605957
1789323453526906600,2.06990673828125,2.617704391479492,-0.04155731201171875,-5.079913139343262
1789323453545757000,2.0887568359375,2.0688605308532715,-1.0060114860534668,-4.608519077301025
1789323453574032600,2.11703271484375,0.6393122673034668,-0.2836174964904785,-3.657510995864868
1789323453592883000,2.135883056640625,-0.2717580795288086,-1.1582655906677246,-2.5247044563293457
1789323453611733200,2.154733154296875,-0.8712801933288574,-2.2379674911499023,-0.7998502254486084
1789323453640009000,2.183009033203125,-0.2638583183288574,-2.89871883392334,1.502586841583252
1789323453658859300,2.201859375,0.44063663482666016,-3.292750358581543,1.4208556413650513
1789323453677709600,2.22070947265625,0.8830218315124512,-4.570222854614258,0.11856722831726074
1789323453696560000,2.23956005859375,-0.6657648086547852,-5.703463554382324,-0.8235294818878174
1789323453715410400,2.258410400390625,-1.1067802906036377,-4.167230606079102,-1.004490852355957
1789323453734260700,2.2772607421875,-0.7248010635375977,-1.1839008331298828,-1.6427137851715088
1789323453753111000,2.296111083984375,-0.7103028297424316,0.9643855094909668,-1.3713738918304443
1789323453771961300,2.31496142578125,-1.6096830368041992,2.0047783851623535,-0.27260899543762207
1789323453790812000,2.33381201171875,-1.5040318965911865,1.9388155937194824,0.46262502670288086
1789323453809662200,2.352662109375,-1.3594980239868164,3.1800942420959473,-0.9461755752563477
1789323453828512500,2.371512451171875,-0.866675853729248,4.102567672729492,-1.2840602397918701
1789323453847362800,2.39036279296875,-1.8825616836547852,6.3137688636779785,-1.5700609683990479
1789323453866213400,2.40921337890625,-1.6279935836791992,5.219123840332031,-1.394726037979126
1789323453885063700,2.428063720703125,0.677802562713623,-1.2320151329040527,-2.0268797874450684
1789323453903914000,2.4469140625,0.6234965324401855,-2.955105781555176,-4.61737060546875
1789323453922764300,2.465764404296875,-0.6251330375671387,-3.582930564880371,-3.064809799194336
1789323453941614800,2.48461474609375,-0.44127607345581055,-3.5663199424743652,-0.6922714710235596
1789323453960465200,2.503465087890625,0.28552961349487305,-3.8145580291748047,1.0112372636795044
1789323453979315500,2.5223154296875,1.1340250968933105,-4.567424774169922,1.856594443321228
1789323453998165800,2.541165771484375,0.9846901893615723,-5.527537822723389,0.5734344124794006
1789323454017016300,2.560016357421875,0.5257258415222168,-5.0745110511779785,-0.2674752473831177
1789323454035866600,2.57886669921875,0.027260303497314453,-4.152700424194336,-0.5886282920837402
1789323454054717000,2.597717041015625,-0.7006731033325195,-3.1220498085021973,-0.34624218940734863
1789323454073567200,2.616567138671875,-1.0573039054870605,-1.9176011085510254,-0.17020702362060547
1789323454092417800,2.635417724609375,-1.2823004722595215,-1.1054162979125977,0.039923906326293945
1789323454111268000,2.65426806640625,-1.2442903518676758,-0.32268667221069336,0.43369030952453613
1789323454130118400,2.673118408203125,-0.8727540969848633,1.499427318572998,-0.13182640075683594
1789323454148968700,2.69196875,-0.9926996231079102,0.903724193572998,-0.2682192325592041
1789323454167819000,2.710819091796875,-1.5199952125549316,-0.4383730888366699,-1.1420564651489258
1789323454186669600,2.729669677734375,-0.9103965759277344,-1.8890795707702637,-1.3668806552886963
1789323454205520000,2.748519775390625,-1.1428627967834473,-3.130207061767578,-1.3733208179473877
1789323454224370200,2.7673701171875,-2.1606297492980957,-3.3930068016052246,-1.5943324565887451
1789323454243220500,2.786220458984375,-2.68491268157959,-2.5359020233154297,-1.647678256034851
1789323454262071000,2.805071044921875,-1.8679070472717285,-2.0241971015930176,-1.0620152950286865
1789323454280921300,2.82392138671875,-1.5937871932983398,-1.6752068996429443,-0.45261287689208984
1789323454309196800,2.85219677734375,-3.6219749450683594,-1.0069901943206787,0.6079866886138916
1789323454328047400,2.87104736328125,-3.5515875816345215,-0.12471127510070801,1.4965921640396118
1789323454346897700,2.889897705078125,-3.180920124053955,0.374805212020874,2.0595617294311523
1789323454365748000,2.908748046875,-3.0546975135803223,0.7634432315826416,2.0755362510681152
1789323454384598300,2.927598388671875,-3.3227624893188477,0.5568828582763672,1.6070351600646973
1789323454403448800,2.94644873046875,-2.552460193634033,0.23067998886108398,1.8396847248077393
1789323454422299100,2.965299072265625,-2.354541301727295,0.40852832794189453,1.6106513738632202
1789323454441149400,2.9841494140625,-2.182830333709717,0.31740593910217285,1.394059181213379
1789323454459999700,3.002999755859375,-1.7998857498168945,0.5120241641998291,1.0387479066848755
1789323454478850000,3.02185009765625,-2.0140275955200195,0.7356951236724854,0.4997292757034302
1789323454497700600,3.04070068359375,-0.7557287216186523,1.2433688640594482,0.5189158916473389
1789323454516551000,3.059551025390625,-0.8971128463745117,1.5210556983947754,0.014338254928588867
1789323454535401200,3.078401123046875,-0.7574648857116699,1.7254722118377686,-0.4446380138397217
1789323454554251500,3.09725146484375,-0.5369853973388672,1.8660600185394287,-0.7262303829193115
1789323454573102000,3.11610205078125,-0.2808237075805664,2.0460565090179443,-0.8988637924194336
1789323454591952400,3.134952392578125,-0.19961023330688477,2.1046650409698486,-1.0198571681976318
1789323454610802700,3.153802734375,0.008358955383300781,1.9280986785888672,-0.9377281665802002
1789323454629653000,3.172653076171875,0.5436315536499023,1.6656222343444824,-1.0671112537384033
1789323454648503600,3.191503662109375,0.41133975982666016,1.18772554397583,-1.4898521900177002
1789323454667353900,3.210353759765625,0.1646738052368164,0.3296475410461426,-1.4583630561828613
1789323454686204200,3.2292041015625,-0.026167869567871094,-0.3276190757751465,-1.3726472854614258
1789323454705054500,3.248054443359375,-0.31966114044189453,-0.6939682960510254,-1.1582030057907104
1789323454723905000,3.266905029296875,-0.18069791793823242,-0.7594289779663086,-0.8195511102676392
1789323454742755300,3.28575537109375,0.0036830902099609375,-0.5907182693481445,-0.41422510147094727
1789323454761605600,3.304605712890625,-0.07733631134033203,-0.358365535736084,-0.19999170303344727
1789323454780456000,3.3234560546875,0.0742502212524414,-0.0425105094909668,-0.13031411170959473
1789323454799306200,3.34230615234375,0.49138927459716797,0.16546916961669922,-0.16900229454040527
1789323454818156800,3.36115673828125,0.9371962547302246,-0.3104887008666992,-0.14038193225860596
1789323454837007000,3.380007080078125,1.2229199409484863,-2.113579750061035,-0.3884847164154053
1789323454855857400,3.398857421875,1.0216960906982422,-4.0019941329956055,-0.5191903114318848
1789323454874707700,3.417707763671875,1.3876733779907227,-4.084911346435547,-0.5933213233947754
1789323454893558000,3.43655810546875,1.2630863189697266,-2.932168960571289,-0.24774134159088135
1789323454912408600,3.45540869140625,1.0275287628173828,-1.8069705963134766,0.006059885025024414
1789323454931259000,3.4742587890625,1.182121753692627,-1.0579595565795898,0.08872461318969727
1789323454950109200,3.493109130859375,1.2295498847961426,-0.8390684127807617,0.20056700706481934
1789323454968959500,3.51195947265625,1.1646008491516113,-1.0349693298339844,-0.05404865741729736
1789323454987810000,3.53081005859375,-0.2850170135498047,-1.738175392150879,-0.34661102294921875
1789323455006660400,3.549660400390625,-0.7164120674133301,-1.5642013549804688,0.3153451681137085
1789323455025510700,3.5685107421875,-0.16327333450317383,-1.5700311660766602,0.68747878074646
1789323455044361000,3.58736083984375,-0.8607840538024902,-1.4774284362792969,1.6363229751586914
1789323455063211500,3.60621142578125,-0.7645702362060547,-1.095637321472168,0.25191426277160645
1789323455082061800,3.625061767578125,-1.4516339302062988,-1.014007568359375,0.30309343338012695
1789323455100912000,3.643912109375,-0.23965072631835938,0.09504270553588867,0.038927316665649414
1789323455119762400,3.662762451171875,0.7381563186645508,0.14421892166137695,-0.6528499126434326
1789323455138612700,3.68161279296875,0.9601931571960449,-0.8367695808410645,-1.2681152820587158
1789323455157463300,3.70046337890625,1.9563441276550293,-0.5994071960449219,-1.1376581192016602
1789323455176313600,3.719313720703125,1.7231111526489258,-0.18522930145263672,-1.656635046005249
1789323455195164000,3.738163818359375,-0.0966792106628418,-0.9895358085632324,-1.6888887882232666
1789323455214014200,3.75701416015625,-0.5047354698181152,-0.42191171646118164,-1.1542930603027344
1789323455232864800,3.77586474609375,-1.4202561378479004,-0.2121133804321289,-1.0086116790771484
1789323455251715000,3.794715087890625,-1.0703797340393066,-0.5794973373413086,-0.42283201217651367
1789323455270565400,3.8135654296875,-1.3747010231018066,-1.5910110473632812,-1.0198092460632324
1789323455289415700,3.832415771484375,-1.086540699005127,-2.300158977508545,0.8177738189697266
1789323455308266000,3.851265869140625,0.23801040649414062,-2.15407657623291,1.320713758468628
1789323455327116500,3.870116455078125,0.4629325866699219,-2.804624557495117,1.4511607885360718
1789323455345966800,3.888966796875,0.6724605560302734,-1.4313230514526367,0.7176611423492432
1789323455364817200,3.907817138671875,-1.9709501266479492,-0.9764308929443359,0.7721461057662964
1789323455383667500,3.92666748046875,-2.0442352294921875,1.3581759929656982,-0.4243474006652832
1789323455402518000,3.94551806640625,-1.0379467010498047,1.867638349533081,-0.022092103958129883
1789323455421368300,3.964368408203125,-3.344456195831299,-0.44754552841186523,0.19179081916809082
1789323455440218600,3.983218505859375,-5.5522780418396,-0.40656566619873047,2.2890632152557373
1789323455459069000,4.00206884765625,-0.6097126007080078,2.077202796936035,3.188300848007202
1789323455477919200,4.020919189453125,-2.743056297302246,-0.5109472274780273,3.122702121734619
1789323455496769800,4.039769775390625,-4.594032287597656,1.4122533798217773,0.9414398670196533
1789323455515620000,4.0586201171875,-1.5743136405944824,-0.0954902172088623,1.690967321395874
1789323455534470400,4.077470458984375,-2.2579874992370605,0.6759941577911377,2.387856960296631
1789323455553320700,4.09632080078125,-2.2944798469543457,0.4905996322631836,1.1108630895614624
1789323455572171300,4.115171142578125,-0.4436626434326172,1.525458574295044,1.6209619045257568
1789323455591021600,4.134021484375,0.6375150680541992,0.4288318157196045,1.3350529670715332
1789323455609872000,4.152871826171875,-0.25733375549316406,-0.7406964302062988,0.1486680507659912
1789323455628722200,4.17172216796875,-0.9718103408813477,-0.8598146438598633,-0.6871981620788574
1789323455647572700,4.19057275390625,-1.7538094520568848,-0.472653865814209,1.0787818431854248
1789323455666423000,4.209423095703125,-1.7528181076049805,0.6865792274475098,0.8494172096252441
1789323455685273300,4.2282734375,-1.4040794372558594,1.663496732711792,2.2829484939575195
1789323455704123600,4.24712353515625,-0.9743247032165527,2.9442222118377686,2.2606358528137207
1789323455722974000,4.265973876953125,-2.4757041931152344,3.4074463844299316,1.4140877723693848
1789323455741824500,4.284824462890625,-0.7139706611633301,3.2178070545196533,1.5408724546432495
1789323455760674800,4.3036748046875,0.47657108306884766,2.773483991622925,0.6366713047027588
1789323455779525000,4.322525146484375,0.3050851821899414,1.2657175064086914,0.08119893074035645
1789323455798375400,4.34137548828125,0.8278813362121582,-1.2823677062988281,-0.990074872970581
1789323455817225700,4.360225830078125,0.6980524063110352,-3.343388557434082,-0.47317004203796387
1789323455836076300,4.379076171875,1.1739501953125,-4.300197124481201,-1.361631155014038
1789323455854926600,4.397926513671875,0.27108049392700195,-4.54397439956665,-0.22114181518554688
1789323455873777000,4.41677685546875,2.103605270385742,-3.0549488067626953,0.5464786291122437
1789323455892627200,4.435627197265625,1.4269390106201172,-2.817572593688965,0.5848342180252075
1789323455911477500,4.4544775390625,1.5771822929382324,-3.0872116088867188,-0.46703052520751953
1789323455939753200,4.482753173828125,1.5975008010864258,-3.342287063598633,-0.7142267227172852
1789323455958603500,4.501603515625,1.5631732940673828,-2.0215797424316406,-0.5087069272994995
1789323455977453800,4.520453857421875,0.44768238067626953,0.09090232849121094,0.30407118797302246
1789323455996304100,4.53930419921875,1.4048590660095215,1.8544645309448242,0.14899981021881104
1789323456015154700,4.55815478515625,2.112637996673584,2.5806422233581543,-0.4515470266342163
1789323456034005000,4.5770048828125,1.083158016204834,1.7094841003417969,0.024915456771850586
1789323456052855300,4.595855224609375,2.1388444900512695,0.02155017852783203,-0.08981728553771973
1789323456071705600,4.61470556640625,0.8069686889648438,-0.7404041290283203,1.0981364250183105
1789323456090556000,4.633555908203125,0.5134854316711426,-1.0079069137573242,-0.028742074966430664
1789323456109406500,4.652406494140625,-0.47171688079833984,-0.9250402450561523,-0.07572472095489502
1789323456128256800,4.6712568359375,-0.8758678436279297,-1.5110235214233398,-0.16192317008972168
1789323456147107000,4.690107177734375,-1.6380250453948975,-1.202296257019043,0.914853572845459
1789323456165957400,4.708957275390625,0.4198474884033203,-0.34412336349487305,0.6898871660232544
1789323456184807700,4.7278076171875,2.3460631370544434,-1.8116087913513184,0.28594517707824707
1789323456203658200,4.746658203125,3.1397857666015625,-4.436596870422363,-0.5732142925262451
1789323456222508500,4.765508544921875,2.6804451942443848,-4.745919704437256,-1.9611272811889648
1789323456241358800,4.78435888671875,1.9064607620239258,-3.01688289642334,-1.8995802402496338
1789323456260209200,4.803209228515625,-0.09772539138793945,-1.8356170654296875,-2.5742146968841553
1789323456279059700,4.822059814453125,-1.9749913215637207,-0.08690643310546875,-2.5120415687561035
1789323456297910000,4.840909912109375,-2.325435161590576,1.2419395446777344,-1.7614974975585938
1789323456316760300,4.85976025390625,-2.0252814292907715,1.3066730499267578,-1.2998452186584473
1789323456335610600,4.878610595703125,-1.1711435317993164,0.49898815155029297,0.7520242929458618
1789323456354461000,4.8974609375,-0.17089366912841797,0.0059871673583984375,0.7075238227844238
1789323456373311500,4.9163115234375,-0.6828083992004395,-0.8550148010253906,1.1630918979644775
1789323456392161800,4.935161865234375,-0.7064571380615234,-0.8567500114440918,1.183578610420227
1789323456411012000,4.95401220703125,-1.6393561363220215,-0.4865531921386719,0.8905385732650757
1789323456429862400,4.9728623046875,-0.40168142318725586,-0.6063551902770996,0.9077985286712646
1789323456448712700,4.991712646484375,0.9436798095703125,0.00873708724975586,0.43996548652648926
1789323456467563000,5.01056298828125,1.2028980255126953,0.5076503753662109,0.20040464401245117
1789323456486413600,5.02941357421875,2.765949249267578,-0.8814592361450195,-4.047085762023926
1789323456505263900,5.048263916015625,0.9593486785888672,-3.7337613105773926,-2.713125228881836
1789323456524114200,5.0671142578125,-3.5996499061584473,-2.408573627471924,-1.2995131015777588
1789323456542964500,5.085964599609375,-4.650167942047119,-0.41736340522766113,-0.09187483787536621
1789323456561814800,5.104814697265625,-5.767589092254639,-0.09017014503479004,1.0739704370498657
1789323456580665300,5.123665283203125,-3.3919968605041504,1.5475313663482666,3.061821937561035
1789323456599515600,5.142515625,-4.259904861450195,2.664651393890381,3.24281907081604
1789323456618366000,5.161365966796875,-3.7086009979248047,2.5645461082458496,1.7714813947677612
1789323456637216300,5.18021630859375,-6.004775047302246,1.5046634674072266,2.171562433242798
1789323456656066600,5.199066650390625,-2.1695899963378906,2.2462220191955566,2.1633334159851074
1789323456674917000,5.217917236328125,-3.5251474380493164,1.8594813346862793,1.779481053352356
1789323456693767400,5.236767333984375,-2.234956741333008,2.53014874458313,2.3193721771240234
1789323456722043000,5.26504296875,-3.9264864921569824,1.236739158630371,0.39148831367492676
1789323456740893200,5.28389306640625,0.42310333251953125,1.7359645366668701,-0.0356898307800293
1789323456759743700,5.30274365234375,-0.7749080657958984,0.6668367385864258,-1.3053851127624512
1789323456778594000,5.321593994140625,0.7321052551269531,-0.6150922775268555,-0.5877401828765869
1789323456797444400,5.3404443359375,-0.36457347869873047,-2.528963565826416,-1.1891634464263916
1789323456816294700,5.359294677734375,0.8501548767089844,-3.2058796882629395,-1.0503804683685303
1789323456835145000,5.37814501953125,-1.016885757446289,-2.8931870460510254,-0.60890793800354
1789323456853995500,5.39699560546875,0.4882645606994629,-2.2754769325256348,0.4130709171295166
1789323456872845800,5.415845703125,-0.9366660118103027,-1.506706714630127,-0.3873598575592041
1789323456891696000,5.434696044921875,0.028797626495361328,-0.7100543975830078,-0.43854355812072754
1789323456910546400,5.45354638671875,-0.04294538497924805,0.3899054527282715,-0.8098382949829102
1789323456929396700,5.472396728515625,-0.1790618896484375,0.116241455078125,-1.4232746362686157
1789323456948247000,5.4912470703125,1.5188651084899902,-0.6237320899963379,-1.655576229095459
1789323456967097600,5.51009765625,0.49701786041259766,-1.888772964477539,-1.2205641269683838
1789323456985948000,5.528947998046875,-0.40389299392700195,-2.2126760482788086,-0.7697775363922119
1789323457004798200,5.547798095703125,0.39038610458374023,-1.6943902969360352,-0.23839056491851807
1789323457023648500,5.5666484375,1.751899242401123,-0.9430112838745117,-0.15963804721832275
1789323457042498800,5.585498779296875,2.3720874786376953,-2.83331298828125,0.12118041515350342
1789323457061349400,5.604349365234375,2.165621757507324,-3.787295341491699,-0.3784003257751465
1789323457080199700,5.62319970703125,2.948585033416748,-2.732815742492676,-0.9911388158798218
1789323457099050000,5.642050048828125,2.7451376914978027,-1.7766695022583008,0.3267383575439453
1789323457117900300,5.660900390625,1.99448823928833,-1.223724365234375,0.24131107330322266
1789323457136750600,5.67975048828125,-0.06114625930786133,0.39661502838134766,1.0502874851226807
1789323457155601000,5.698600830078125,-0.36394548416137695,1.0428457260131836,-0.12923645973205566
1789323457174451500,5.717451416015625,-1.2661857604980469,0.30901622772216797,0.1551196575164795
1789323457193301800,5.7363017578125,-0.9256176948547363,-0.9954929351806641,0.285982608795166
1789323457212152000,5.755152099609375,-0.7876491546630859,-1.4884471893310547,1.2924295663833618
1789323457231002400,5.77400244140625,-0.20716238021850586,-1.0242633819580078,1.07461416721344
1789323457249852700,5.792852783203125,0.3699374198913574,-1.2284460067749023,0.8664919137954712
1789323457268703000,5.811702880859375,0.7782630920410156,-2.013394832611084,-0.18930578231811523
1789323457287553500,5.830553466796875,0.2738957405090332,-2.483339309692383,-0.2955043315887451
1789323457306403800,5.84940380859375,0.3062276840209961,-1.4462575912475586,-1.0662224292755127
1789323457325254100,5.868254150390625,-0.2562103271484375,-0.08336019515991211,-0.9900131225585938
1789323457344104400,5.8871044921875,0.6268925666809082,0.3920474052429199,-0.4599788188934326
1789323457362954800,5.905954833984375,1.434241771697998,-0.08941507339477539,-0.1391153335571289
1789323457381805000,5.92480517578125,1.9194178581237793,-0.7078757286071777,-0.8790843486785889
1789323457400655600,5.943655517578125,0.7193131446838379,-1.9067401885986328,-1.5189425945281982
1789323457419506000,5.962505859375,-0.2204141616821289,-2.408100128173828,-2.196823835372925
1789323457438356200,5.981356201171875,-1.2290806770324707,-2.104703903198242,-0.8168039321899414
1789323457457206500,6.00020654296875,-0.4752812385559082,-1.1665425300598145,0.28386616706848145
1789323457476056800,6.019056884765625,-1.3588247299194336,-1.6371498107910156,0.946262001991272
1789323457494907100,6.0379072265625,-1.8660540580749512,-0.5778813362121582,0.6165995597839355
1789323457513757700,6.0567578125,-1.0164718627929688,0.38735508918762207,-0.11537790298461914
1789323457532608000,6.07560791015625,-0.17615127563476562,-0.0013265609741210938,0.8393441438674927
1789323457551458300,6.094458251953125,-2.666396141052246,0.06164216995239258,1.4002658128738403
1789323457570308600,6.11330859375,-4.030081272125244,1.0927541255950928,1.0736982822418213
1789323457589159000,6.132158935546875,-5.4884185791015625,0.8258073329925537,1.8531510829925537
1789323457608009200,6.15100927734375,-1.8879032135009766,2.3675761222839355,2.783060312271118
1789323457626859800,6.16985986328125,-2.8099498748779297,1.6402161121368408,2.1780588626861572
1789323457645710000,6.1887099609375,-1.9741644859313965,2.0276761054992676,2.022059679031372
1789323457664560400,6.207560302734375,-2.8522276878356934,1.3334710597991943,0.6386756896972656
1789323457683410700,6.22641064453125,-1.8998394012451172,1.143071174621582,1.2183879613876343
1789323457702261000,6.245260986328125,-2.27169132232666,2.0123090744018555,1.1612191200256348
1789323457721111300,6.264111328125,-1.1568670272827148,2.2063381671905518,1.53092360496521
1789323457739961900,6.2829619140625,-1.3840231895446777,1.4982092380523682,1.0425670146942139
1789323457758812200,6.301812255859375,-2.6602368354797363,0.46389150619506836,1.1793885231018066
1789323457777662500,6.320662353515625,-0.09909248352050781,0.7091214656829834,0.891845703125
1789323457796512800,6.3395126953125,-1.8924670219421387,0.4211883544921875,0.4065415859222412
1789323457815363000,6.358363037109375,-0.2686748504638672,-0.17985105514526367,0.9164865016937256
1789323457834213400,6.37721337890625,-2.056271553039551,-0.7330107688903809,0.8446240425109863
1789323457853064000,6.39606396484375,0.1946859359741211,-0.38936948776245117,0.9418299198150635
1789323457871914200,6.414914306640625,-0.09414815902709961,0.37148523330688477,0.19801020622253418
1789323457890764500,6.4337646484375,0.05591726303100586,0.3965015411376953,-0.41318798065185547
1789323457909614800,6.45261474609375,-1.2384309768676758,-0.3280048370361328,-0.8811957836151123
1789323457928465200,6.471465087890625,-0.25725364685058594,-0.7810750007629395,-0.634998083114624
1789323457947315500,6.4903154296875,1.5426392555236816,-1.8029413223266602,-0.6210658550262451
1789323457966165800,6.509165771484375,1.01692533493042,-4.06833028793335,-1.3363056182861328
1789323457985016000,6.52801611328125,0.157379150390625,-4.981030464172363,-1.259909987449646
1789323458003866400,6.546866455078125,0.7251725196838379,-3.707789421081543,0.05699038505554199
1789323458022717000,6.565717041015625,2.975405693054199,-1.8285350799560547,0.4153052568435669
1789323458041567200,6.584567138671875,2.4288487434387207,-1.979630470275879,-0.8644272089004517
1789323458060417500,6.60341748046875,1.5858774185180664,-1.2914657592773438,-1.7113922834396362
1789323458079267800,6.622267822265625,2.351595401763916,0.027093887329101562,-1.3013142347335815
1789323458098118100,6.6411181640625,1.850083351135254,0.725987434387207,-0.6690875291824341
1789323458116968400,6.659968505859375,2.729302406311035,-0.34479331970214844,-0.7511303424835205
1789323458135818800,6.67881884765625,1.675525188446045,-2.184690475463867,-0.5062272548675537
1789323458154669000,6.6976689453125,0.6033978462219238,-1.011434555053711,0.7293288707733154
1789323458173519600,6.71651953125,0.1286020278930664,0.3025379180908203,0.8890632390975952
1789323458192370000,6.735369873046875,0.4692869186401367,0.03418254852294922,0.35100388526916504
1789323458211220200,6.75422021484375,0.5678744316101074,-1.9088335037231445,0.05172538757324219
1789323458230070500,6.773070556640625,0.23702192306518555,-2.8843603134155273,0.8007702827453613
1789323458248920800,6.7919208984375,0.752772331237793,-2.2779111862182617,0.31640148162841797
1789323458267771100,6.810771240234375,0.5961828231811523,-1.7874374389648438,0.29903411865234375
1789323458286621400,6.829621337890625,0.5105314254760742,-1.1578083038330078,-0.10285615921020508
1789323458305471700,6.8484716796875,-0.006533622741699219,-1.4238762855529785,-0.5806124210357666
1789323458324322000,6.867322021484375,0.28014135360717773,-0.9303202629089355,-1.0952987670898438
1789323458343172600,6.886172607421875,0.22000741958618164,-0.29494476318359375,-1.0474624633789062
1789323458362023000,6.90502294921875,0.6622099876403809,-0.6052398681640625,-0.9028100967407227
1789323458380873200,6.923873291015625,1.494832992553711,-0.9975376129150391,-0.834033727645874
1789323458399723500,6.9427236328125,0.8357448577880859,-2.3624682426452637,-1.2558681964874268
1789323458418573800,6.96157373046875,-0.20919513702392578,-3.1223368644714355,-0.7594747543334961
1789323458437424000,6.980424072265625,-1.1071586608886719,-2.078184127807617,-0.9414455890655518
1789323458456274400,6.9992744140625,-1.4803147315979004,-0.741844654083252,0.1049644947052002
1789323458475124700,7.018124755859375,-1.5048890113830566,-0.5110092163085938,0.24642634391784668
1789323458493975000,7.03697509765625,-1.0766301155090332,-0.4832730293273926,1.898564100265503
1789323458512825600,7.05582568359375,-0.3028068542480469,1.0403189659118652,1.6271042823791504
1789323458531676000,7.074676025390625,-0.8174715042114258,-0.3761773109436035,-0.1340038776397705
1789323458550526200,7.093526123046875,-2.9889349937438965,-1.9216413497924805,0.1608726978302002
1789323458569376500,7.11237646484375,-4.618279457092285,0.3154454231262207,0.3611156940460205
1789323458588226800,7.131226806640625,-3.0211167335510254,1.6958770751953125,2.4765350818634033
1789323458607077000,7.1500771484375,-2.3575267791748047,1.1353392601013184,2.595482349395752
1789323458625927400,7.168927490234375,-3.130422592163086,1.0437021255493164,2.6423227787017822
1789323458644777700,7.18777783203125,-3.3040642738342285,1.5571190118789673,1.4460173845291138
1789323458663628000,7.2066279296875,-2.9299097061157227,1.3950247764587402,1.8755511045455933
1789323458682478300,7.225478271484375,-2.8152270317077637,1.053809404373169,1.6119662523269653
1789323458701328600,7.24432861328125,-2.9631876945495605,1.6805731058120728,1.8272252082824707
1789323458720179200,7.26317919921875,-2.8510775566101074,1.9977266788482666,1.4394689798355103
1789323458739029500,7.282029541015625,-2.032987117767334,1.8751730918884277,0.7266848087310791
1789323458757879800,7.3008798828125,0.23072242736816406,1.4958295822143555,1.7320361137390137
1789323458776730000,7.319730224609375,-0.9554548263549805,0.9628326892852783,0.5403168201446533
1789323458795580400,7.338580322265625,-2.772463798522949,0.7135329246520996,0.13672256469726562
1789323458814430700,7.3574306640625,-0.6695594787597656,-0.544074535369873,0.36522364616394043
1789323458833281000,7.376281005859375,0.6171755790710449,0.20095062255859375,1.1747617721557617
1789323458852131300,7.39513134765625,0.27885866165161133,0.11526775360107422,0.5912480354309082
1789323458870981600,7.413981689453125,0.44637012481689453,-0.994593620300293,-0.06469345092773438
1789323458889832000,7.43283203125,0.2141284942626953,-1.5928664207458496,-0.82460618019104
1789323458908682200,7.45168212890625,-0.03248929977416992,-3.6199893951416016,-1.433497667312622
1789323458927532500,7.470532470703125,-0.8496608734130859,-4.630472660064697,-1.4131090641021729
1789323458946382800,7.4893828125,-1.3329858779907227,-3.3982930183410645,-0.2958405017852783
1789323458965233200,7.508233154296875,1.028221607208252,-0.8818120956420898,0.33392560482025146
1789323458984083500,7.52708349609375,1.9605698585510254,-0.059134483337402344,0.6417268514633179
1789323459002933800,7.545933837890625,1.758613109588623,-1.2437543869018555,-1.1874738931655884
1789323459021784000,7.5647841796875,1.7246856689453125,-1.3762884140014648,-1.9290776252746582
1789323459040634400,7.58363427734375,3.1376256942749023,-2.2055416107177734,-2.2998056411743164
1789323459059485000,7.60248486328125,1.9851980209350586,-3.8767623901367188,-0.3538625240325928
1789323459078335200,7.621335205078125,1.0434165000915527,-2.3460378646850586,0.7177683115005493
1789323459097185500,7.640185546875,1.4460806846618652,0.16477298736572266,1.303149700164795
1789323459116035800,7.659035888671875,2.110809803009033,0.04359245300292969,-0.019167423248291016
1789323459134886100,7.67788623046875,0.6541576385498047,0.12946128845214844,0.2542210817337036
1789323459153736400,7.696736328125,0.14589262008666992,1.3710556030273438,-0.2512938976287842
1789323459172586800,7.715586669921875,-0.45916271209716797,2.095677375793457,0.8691076040267944
1789323459191437000,7.73443701171875,0.4967789649963379,0.6359052658081055,0.2573070526123047
1789323459210287400,7.753287353515625,1.1731810569763184,-2.51125431060791,0.7193126678466797
1789323459229137700,7.7721376953125,0.968778133392334,-3.2576189041137695,0.36087751388549805
1789323459247988000,7.790988037109375,1.1362419128417969,-1.9090909957885742,-0.9558770656585693
1789323459266838300,7.80983837890625,1.024519920349121,-2.2778091430664062,-0.8766524791717529
1789323459285688600,7.8286884765625,0.6390299797058105,-2.6380014419555664,-0.7575259208679199
1789323459304539000,7.847538818359375,0.3603830337524414,-1.8901238441467285,-0.49876999855041504
1789323459323389200,7.86638916015625,0.09841203689575195,-0.6375789642333984,-0.4077143669128418
1789323459342239500,7.885239501953125,0.2279500961303711,-0.021127700805664062,0.6303248405456543
1789323459361089800,7.90408984375,1.3397746086120605,-0.626737117767334,0.6563348770141602
1789323459379940000,7.922940185546875,0.9140753746032715,-2.523838996887207,0.576676607131958
1789323459398790400,7.941790283203125,-0.0031108856201171875,-2.997466564178467,-0.7775435447692871
1789323459417640700,7.960640625,-1.3934502601623535,-2.477010726928711,-0.4259066581726074
1789323459436491000,7.979490966796875,0.011869430541992188,0.48395872116088867,0.4050302505493164
1789323459455341300,7.99834130859375,1.444082260131836,0.08003425598144531,0.862858772277832
1789323459474191600,8.017191650390625,-0.3792543411254883,-1.7867727279663086,0.8497612476348877
1789323459493042000,8.0360419921875,-2.654630184173584,-1.2658324241638184,-0.25847840309143066
1789323459511892200,8.054892333984375,-2.380408763885498,-0.7900362014770508,1.0028963088989258
1789323459530742500,8.073742431640625,-0.9004878997802734,1.5022504329681396,1.399193286895752
1789323459559018000,8.10201806640625,-3.9933409690856934,0.7339401245117188,2.0985233783721924
1789323459577868300,8.120868408203124,-4.625452995300293,1.4558870792388916,1.8440433740615845
1789323459596718600,8.139718505859374,-2.1534790992736816,2.1888139247894287,2.7716240882873535
1789323459615569000,8.15856884765625,-1.975053310394287,1.0899624824523926,2.2927229404449463
1789323459634419200,8.177419189453126,-2.205357551574707,1.3298306465148926,2.736245632171631
1789323459653269500,8.19626953125,-2.249575614929199,0.8684470653533936,0.8908650875091553
1789323459672119800,8.215119873046875,-1.6359944343566895,-0.047806739807128906,1.8636771440505981
1789323459690970000,8.23397021484375,-1.9469270706176758,0.5580461025238037,0.5194694995880127
1789323459709820400,8.2528203125,-2.6340479850769043,0.7567310333251953,2.148714780807495
1789323459728670700,8.271670654296875,-0.43386173248291016,1.467108964920044,1.7897515296936035
1789323459747521000,8.29052099609375,-1.4112954139709473,1.0034208297729492,2.081009864807129
1789323459766371300,8.309371337890624,-1.0305266380310059,1.3001492023468018,1.3809175491333008
1789323459785221600,8.3282216796875,-3.089900493621826,1.288034439086914,-0.01161503791809082
1789323459804072000,8.347072021484376,-1.49204683303833,1.034496784210205,1.4234551191329956
1789323459822922200,8.365922119140626,-1.957155704498291,1.2948970794677734,1.1935186386108398
1789323459841772500,8.3847724609375,-0.5449318885803223,0.41583871841430664,1.6566802263259888
1789323459860622600,8.40362255859375,0.6444544792175293,0.15180301666259766,0.6873607635498047
1789323459879473200,8.42247314453125,0.49964094161987305,-0.8411774635314941,-0.8433997631072998
1789323459898323500,8.441323486328125,-0.31676483154296875,-1.7587032318115234,-1.0590157508850098
1789323459917173500,8.460173583984375,-1.2015953063964844,-2.2948532104492188,-1.8760619163513184
1789323459936023800,8.47902392578125,0.0211334228515625,-3.1987862586975098,-0.8168807029724121
1789323459954874000,8.4978740234375,2.360924243927002,-4.666236877441406,-0.041950225830078125
1789323459973724400,8.516724365234374,2.9028329849243164,-5.238572120666504,-0.602370023727417
1789323459992574700,8.53557470703125,2.4234933853149414,-2.734333038330078,-0.8943710327148438
1789323460011425000,8.554425048828126,3.491013526916504,-1.979949951171875,-1.0145628452301025
1789323460030275300,8.573275390625,2.292449474334717,-2.3079776763916016,0.6468791961669922
1789323460049125600,8.592125732421875,2.0312514305114746,-0.9624490737915039,-0.23401665687561035
1789323460067976000,8.610975830078125,0.6463885307312012,0.7353992462158203,0.5898315906524658
1789323460086826200,8.629826171875,1.8847317695617676,1.0987567901611328,-0.10797739028930664
1789323460105676500,8.648676513671875,1.7477502822875977,-0.37148475646972656,-0.3359391689300537
1789323460124526800,8.66752685546875,1.344590187072754,-0.3035316467285156,-0.1349806785583496
1789323460143377200,8.686377197265625,1.2572989463806152,0.6270990371704102,0.1800675392150879
1789323460162227500,8.7052275390625,0.14500808715820312,0.07083606719970703,1.1719826459884644
1789323460181077500,8.724077392578126,1.347252368927002,-1.623795509338379,-0.6627638339996338
1789323460199927800,8.742927734375,-0.25872039794921875,-2.1109695434570312,0.475125789642334
1789323460218778000,8.761778076171876,1.2488384246826172,-1.056138038635254,-1.2160382270812988
1789323460237628400,8.78062841796875,0.013183116912841797,-0.14876747131347656,-0.273789644241333
1789323460256478700,8.799478759765625,0.37215423583984375,0.5918035507202148,0.22221994400024414
1789323460275329000,8.8183291015625,1.261754035949707,-0.4608774185180664,0.3924858570098877
1789323460294179300,8.837179443359375,1.429243564605713,-2.7662148475646973,1.709288477897644
1789323460313029600,8.856029541015625,1.9243383407592773,-3.812229633331299,0.6349453926086426
1789323460331880000,8.8748798828125,0.994910717010498,-3.7705769538879395,0.08864164352416992
1789323460350730200,8.893730224609374,0.24253463745117188,-2.174748420715332,-1.676811933517456
1789323460369580500,8.91258056640625,-0.7879610061645508,-0.8899097442626953,-0.9045250415802002
1789323460388430600,8.9314306640625,1.14500093460083,-0.00621795654296875,-0.9120457172393799
1789323460407281000,8.950281005859376,1.673386573791504,-0.6786999702453613,0.27055931091308594
1789323460426131200,8.969131103515625,0.9456644058227539,-0.8292374610900879,0.050061941146850586
1789323460444981500,8.9879814453125,-1.219571590423584,-1.6276731491088867,0.7116584777832031
1789323460463831800,9.006831787109375,-2.056819438934326,-1.1190104484558105,1.1042630672454834
1789323460482682000,9.02568212890625,-3.7573294639587402,-1.2037134170532227,1.674356460571289
1789323460501532400,9.044532470703125,-3.085663318634033,-0.47830629348754883,1.4240520000457764
1789323460520382700,9.0633828125,-1.4873838424682617,1.0950446128845215,1.4515981674194336
1789323460539232800,9.082232666015624,-0.05111503601074219,1.499854564666748,2.4115333557128906
1789323460558083000,9.1010830078125,-1.3263921737670898,2.890155553817749,2.5240299701690674
1789323460576933400,9.119933349609376,-1.2688045501708984,1.4444472789764404,1.488429069519043
1789323460595783700,9.13878369140625,-2.0204992294311523,-0.6917212009429932,1.6233398914337158
1789323460614634000,9.157634033203125,-0.944251537322998,-1.0314643383026123,1.0142948627471924
1789323460633484300,9.176484375,-2.249253749847412,-0.6839370727539062,1.747588872909546
1789323460652334600,9.19533447265625,-0.4177398681640625,0.35553908348083496,1.3067054748535156
1789323460671185000,9.214184814453125,-3.5538740158081055,0.1802992820739746,1.0457072257995605
1789323460690035000,9.233034912109375,-3.3576502799987793,1.7793434858322144,2.3395142555236816
1789323460708885200,9.25188525390625,-3.6016359329223633,2.172037124633789,2.1922292709350586
1789323460727735600,9.270735595703124,-3.1789045333862305,2.897109270095825,3.403033494949341
1789323460746585900,9.2895859375,-1.8104848861694336,3.1628265380859375,3.5985665321350098
1789323460765436200,9.308436279296876,-4.231056213378906,2.646895408630371,2.313706874847412
1789323460784286500,9.327286376953126,-2.029470920562744,2.9468846321105957,2.4476022720336914
1789323460803136800,9.34613671875,0.13143444061279297,2.5693905353546143,0.6372251510620117
1789323460821986800,9.36498681640625,-1.2750744819641113,0.6398749351501465,1.0871834754943848
1789323460840837000,9.383837158203125,0.40989065170288086,-0.37818050384521484,0.568568229675293
1789323460859687400,9.4026875,-0.11035823822021484,-2.1844096183776855,-0.2543013095855713
1789323460878537700,9.421537841796875,2.568633556365967,-2.603489398956299,0.2266983985900879
1789323460897388000,9.440387939453124,1.7589960098266602,-1.9078407287597656,0.45046401023864746
1789323460925663200,9.468663330078124,0.827540397644043,-3.6625375747680664,0.3245737552642822
1789323460944513500,9.487513427734376,1.320512294769287,-4.044384956359863,0.3778493404388428
1789323460963363800,9.50636376953125,1.272871971130371,-3.512248992919922,-0.18528127670288086
1789323460982214100,9.525214111328125,1.3520350456237793,-1.6349563598632812,-0.16843342781066895
1789323461001064400,9.544064453125,1.5481972694396973,0.6463842391967773,-0.0552515983581543
1789323461019914800,9.562914794921875,2.0287094116210938,1.6372461318969727,-0.18042731285095215
1789323461038764800,9.581764892578125,1.8255562782287598,1.7677288055419922,-0.6227777004241943
1789323461057615000,9.600614990234375,2.0512313842773438,0.9442825317382812,-1.0082378387451172
1789323461076465400,9.61946533203125,0.7910318374633789,-0.45797061920166016,0.10082387924194336
1789323461095315700,9.638315673828124,2.664487361907959,-1.4247684478759766,0.1990513801574707
1789323461114166000,9.657166015625,3.3315279483795166,-3.6424198150634766,0.35629868507385254
1789323461133016000,9.67601611328125,2.059101104736328,-3.160562515258789,1.586411952972412
1789323461151866400,9.694866455078126,3.2255642414093018,-1.7840595245361328,0.8199794292449951
1789323461170716700,9.713716552734375,1.3710806369781494,-1.4579248428344727,2.4407167434692383
1789323461189567000,9.73256689453125,2.505354166030884,-1.437291145324707,-0.16455721855163574
1789323461208417000,9.7514169921875,1.6038541793823242,-1.6475563049316406,0.3558647632598877
1789323461227267300,9.770267333984375,1.3370704650878906,-0.6041498184204102,1.0582826137542725
1789323461246117600,9.78911767578125,1.0444221496582031,0.22039413452148438,0.6758372783660889
1789323461264968000,9.807968017578125,0.8984498977661133,0.6646270751953125,1.2806874513626099
1789323461283818200,9.826818359375,1.774712085723877,0.2765779495239258,0.9214441776275635
1789323461302668300,9.845668212890626,1.7407073974609375,-1.0462865829467773,0.7532901763916016
1789323461321518600,9.8645185546875,1.9983487129211426,-0.8933815956115723,-0.4836769104003906
1789323461340369000,9.883368896484376,1.9580411911010742,-0.901005744934082,-0.8646633625030518
1789323461359219200,9.90221923828125,1.028648853302002,-1.5021491050720215,-0.6727421283721924
1789323461378069200,9.9210693359375,-0.2375354766845703,-1.7249794006347656,-1.0793700218200684
1789323461396919600,9.93991943359375,-1.6411314010620117,-1.1327567100524902,0.6963315010070801
1789323461415769900,9.958769775390625,0.7058095932006836,0.6003832817077637,1.2031104564666748
1789323461434620200,9.9776201171875,2.9701361656188965,-1.8868632316589355,1.1103663444519043
1789323461453470200,9.99647021484375,3.0351905822753906,-3.945232391357422,0.29593563079833984
1789323461472320500,10.015320556640624,-0.5117173194885254,-2.574594497680664,-0.9510092735290527
1789323461491170800,10.0341708984375,0.08020639419555664,0.4936351776123047,0.21136879920959473
1789323461510021000,10.053021240234376,0.8708252906799316,0.04937314987182617,0.40776801109313965
1789323461528871200,10.07187109375,0.1986083984375,-1.4706063270568848,-0.4726405143737793
1789323461547721500,10.090721435546875,-3.9313759803771973,-0.8950371742248535,-0.03694915771484375
1789323461566571800,10.10957177734375,-5.132157325744629,1.6820142269134521,2.1302974224090576
1789323461585421800,10.128421875,-3.526693820953369,2.4810242652893066,3.1478962898254395
1789323461604272000,10.147272216796875,-4.902860641479492,2.6663990020751953,4.20140266418457
1789323461623122400,10.166122314453125,-3.799607276916504,3.341618299484253,3.9213969707489014
1789323461641972700,10.18497265625,-3.461552143096924,2.968252182006836,2.95949125289917
1789323461660822800,10.20382275390625,-0.37044525146484375,2.902838706970215,3.1637494564056396
1789323461679673000,10.222673095703126,-1.9532403945922852,1.8709677457809448,1.2639386653900146
1789323461698523400,10.2415234375,-3.894684314727783,1.0487463474273682,0.6353063583374023
1789323461717373700,10.260373779296875,-2.389286994934082,1.7122082710266113,2.555124282836914
1789323461736223700,10.2792236328125,-0.5736026763916016,0.14057588577270508,1.562648057937622
1789323461755074000,10.298073974609375,0.6277680397033691,1.072436809539795,3.0811500549316406
1789323461773924400,10.31692431640625,2.3768720626831055,0.29316186904907227,0.6391232013702393
1789323461792774400,10.3357744140625,-2.671624183654785,-2.1566691398620605,-0.6792676448822021
1789323461811624700,10.354624755859374,-0.5274901390075684,-1.8494796752929688,0.789257287979126
1789323461839900200,10.382900146484374,-1.160416603088379,-0.9913883209228516,1.2433228492736816
1789323461858750200,10.401750244140626,2.3225550651550293,0.06102895736694336,2.348592758178711
1789323461877600500,10.4206005859375,1.6223082542419434,0.17633581161499023,-0.41725850105285645
1789323461896450800,10.439450927734375,-1.634676456451416,-1.3577213287353516,-0.6746501922607422
1789323461915300900,10.45830078125,-1.3452582359313965,-0.27393293380737305,-0.8655848503112793
1789323461934151200,10.477151123046875,-0.1344895362854004,0.19414806365966797,-1.315948247909546
1789323461953001500,10.49600146484375,-1.0075907707214355,0.8447394371032715,0.19752764701843262
1789323461971851500,10.5148515625,0.8522133827209473,1.505892276763916,0.07162213325500488
1789323461990701800,10.533701904296874,1.31195068359375,0.7820854187011719,-0.5736122131347656
1789323462009552100,10.55255224609375,5.771185874938965,-3.049649238586426,-0.9573462009429932
1789323462028402200,10.571402099609376,5.759687900543213,-9.15639591217041,-2.5005757808685303
1789323462047252500,10.59025244140625,1.8397626876831055,-9.645365715026855,-2.70713472366333
1789323462066102800,10.609102783203125,4.0229949951171875,-2.3043432235717773,-0.6968495845794678
1789323462084952800,10.627952880859375,5.55502462387085,-3.6188430786132812,1.5565390586853027
1789323462103803100,10.64680322265625,3.2637996673583984,-6.860586166381836,1.2916804552078247
1789323462122653400,10.6656533203125,4.479331970214844,-3.13714599609375,2.6592507362365723
1789323462141503500,10.68450341796875,0.6428055763244629,2.0601983070373535,-1.0516059398651123
1789323462160353800,10.703353759765625,2.3063201904296875,-0.7901077270507812,-2.537050485610962
1789323462179204000,10.7222041015625,0.5996861457824707,-2.4332284927368164,-1.6332893371582031
1789323462198054100,10.74105419921875,-2.329925537109375,-0.2530832290649414,-0.7587277889251709
1789323462216904400,10.759904541015626,-3.6344401836395264,0.7251925468444824,2.84027099609375
1789323462235754500,10.77875439453125,-1.8401715755462646,-1.4037504196166992,3.554840564727783
1789323462254604800,10.797604736328125,-2.5107877254486084,-0.1928863525390625,1.0120646953582764
1789323462273455000,10.816455078125,-2.929255723953247,-0.013446331024169922,-0.326890230178833
1789323462292305200,10.83530517578125,-3.394860029220581,-2.765622138977051,1.1530176401138306
1789323462311155500,10.854155517578125,-1.6212916374206543,-1.8034934997558594,2.8275649547576904
1789323462330005800,10.873005859375,-1.0363645553588867,-1.3290114402770996,3.686009168624878
1789323462348855800,10.891855712890624,-0.7480316162109375,-4.185797214508057,3.16363263130188
1789323462367706000,10.9107060546875,-1.5087504386901855,-1.3185791969299316,0.6091647148132324
1789323462386556200,10.92955615234375,-1.1933856010437012,-0.31529903411865234,-2.2048375606536865
1789323462405406500,10.948406494140626,-1.913996696472168,-1.0113487243652344,-3.7911667823791504
1789323462424256500,10.967256591796875,0.1460113525390625,-1.6654314994812012,-0.7805094718933105
1789323462443106800,10.98610693359375,0.005415439605712891,-0.9846124649047852,-0.14765262603759766
1789323462461957000,11.00495703125,-2.0478415489196777,-0.34218358993530273,0.8025989532470703
1789323462480807200,11.02380712890625,1.095163345336914,-0.10547995567321777,2.1541290283203125
1789323462499657500,11.042657470703125,-1.6025934219360352,-3.090235710144043,1.5688400268554688
1789323462518507500,11.061507568359374,-0.6154789924621582,-2.301570177078247,0.8719496726989746
1789323462537357800,11.08035791015625,8.29426383972168,6.369153022766113,-0.2535066604614258
1789323462556208000,11.0992080078125,-1.4187664985656738,0.4308488368988037,0.42528820037841797
1789323462575058200,11.11805810546875,1.093355655670166,-0.4594295024871826,0.058363914489746094
1789323462593908500,11.136908447265625,3.175971508026123,0.8069844245910645,0.7959938049316406
1789323462612758500,11.155758544921875,15.013269424438477,-0.6972675323486328,-0.06854438781738281
1789323462631608800,11.17460888671875,-1.449336290359497,-0.24289298057556152,0.19225025177001953
1789323462650459000,11.193458984375,4.185421943664551,4.053016662597656,0.4929962158203125
1789323462669309200,11.21230908203125,0.5217816829681396,5.2603044509887695,-1.1672163009643555
1789323462688159500,11.231159423828124,-2.915640354156494,2.0164904594421387,2.9697790145874023
1789323462707009500,11.250009521484374,-1.270376443862915,3.0974960327148438,5.758493423461914
1789323462725859800,11.26885986328125,3.231995105743408,7.107809066772461,4.731013298034668
1789323462744710000,11.2877099609375,-0.7259464263916016,6.584269046783447,1.8412222862243652
1789323462763560200,11.306560302734376,1.0595769882202148,6.440779685974121,-0.18216896057128906
1789323462782410200,11.32541015625,2.895573139190674,6.751261234283447,-3.617920398712158
1789323462801260500,11.344260498046875,2.096343994140625,5.395947456359863,-5.59635591506958
1789323462829535700,11.37253564453125,0.3811349868774414,3.475290298461914,-6.198351860046387
1789323462867236000,11.410236083984374,1.688854694366455,1.305943250656128,0.40683603286743164
1789323462886086400,11.42908642578125,1.4051237106323242,0.35851553082466125,0.8847074508666992
1789323462904936400,11.4479365234375,1.054804801940918,-1.631461262702942,0.23282337188720703
1789323462923786800,11.466786865234376,0.6914997100830078,-2.2914392948150635,-0.9708237648010254
1789323462952062000,11.49506201171875,-0.6333780288696289,-5.013568878173828,2.153585433959961
1789323462970912000,11.513912109375,-1.2132568359375,-3.93047833442688,1.591801643371582
1789323462989762300,11.53276220703125,-3.30881667137146,-5.522763729095459,2.8728628158569336
1789323463008612400,11.5516123046875,-2.9068996906280518,-3.3467328548431396,0.9439182281494141
1789323463027462700,11.570462646484375,-2.2611026763916016,-1.670745611190796,-1.7319583892822266
1789323463046312700,11.589312744140624,0.394378662109375,-0.6900311708450317,-6.1418232917785645
1789323463065163000,11.6081630859375,-0.02604961395263672,0.9694689512252808,-2.600947380065918
1789323463084013000,11.627012939453126,-0.521820068359375,-0.7301976680755615,1.888181447982788
1789323463102863400,11.64586328125,-1.6272311210632324,-0.6995168924331665,2.562579393386841
1789323463121713400,11.66471337890625,-4.017806529998779,-1.6285076141357422,2.3946452140808105
1789323463140563700,11.683563720703125,-2.6195192337036133,-2.587939739227295,-0.8869824409484863
1789323463159413800,11.702413818359375,-3.4720206260681152,0.23517942428588867,-1.3202488422393799
1789323463178264000,11.72126416015625,0.6169214248657227,0.20656967163085938,-0.5158383846282959
1789323463197114000,11.740114013671874,1.1301193237304688,-1.9398579597473145,1.9464876651763916
1789323463215964400,11.75896435546875,1.5459699630737305,-2.355379343032837,2.307549238204956
1789323463234814500,11.777814453125,2.200249671936035,-2.0078206062316895,2.2009599208831787
1789323463253664800,11.796664794921876,2.0112743377685547,-2.7126102447509766,1.297222375869751
1789323463272514800,11.815514892578125,1.3361339569091797,-2.36957049369812,0.44253236055374146
1789323463291365000,11.834365234375,0.4208793640136719,-1.739708423614502,0.42717355489730835
1789323463310215200,11.853215087890625,1.1760320663452148,-1.131513237953186,0.40362441539764404
1789323463329065200,11.872065185546875,0.05829811096191406,-1.5028636455535889,1.5933916568756104
1789323463347915500,11.89091552734375,-0.1833343505859375,-1.3140215873718262,1.5274319648742676
1789323463366765600,11.909765625,0.381561279296875,-0.9653351306915283,0.5437790751457214
1789323463385616000,11.928615966796874,0.32370948791503906,-1.1471188068389893,-0.09423809498548508
1789323463404466000,11.9474658203125,-0.9461946487426758,-1.3961834907531738,0.6666285395622253
1789323463423316200,11.966316162109376,-1.695389747619629,-1.7834553718566895,1.130003809928894
1789323463442166300,11.985166259765625,-0.5972061157226562,-0.9909789562225342,0.7831391096115112
1789323463461016600,12.0040166015625,0.6975631713867188,0.17002606391906738,0.886081337928772
1789323463479866600,12.02286669921875,-1.289717674255371,-0.6310369968414307,1.3651114702224731
1789323463498716700,12.041716552734375,0.16428375244140625,-1.2067794799804688,-0.6436939835548401
1789323463517567000,12.06056689453125,-0.06566905975341797,-1.876430869102478,-1.7861716747283936
1789323463536417000,12.0794169921875,-2.082216262817383,-0.7856526374816895,-0.17272794246673584
1789323463555267300,12.098267333984374,0.08042144775390625,0.47040557861328125,-1.1721749305725098
1789323463574117400,12.117117431640626,1.127884864807129,0.09515690803527832,-0.5194343328475952
1789323463592967700,12.1359677734375,1.354135513305664,-0.4700794219970703,0.31227442622184753
1789323463611817700,12.154817626953125,1.176107406616211,-0.2801198959350586,0.5210750102996826
1789323463630667800,12.173667724609375,0.591975212097168,0.05104994773864746,0.29524481296539307
1789323463649518000,12.19251806640625,0.05974006652832031,-0.12060260772705078,-0.14681220054626465
1789323463668368100,12.2113681640625,-1.2751307487487793,-0.3208630084991455,-0.23016270995140076
1789323463687218200,12.23021826171875,-1.6345691680908203,0.10839200019836426,0.025530144572257996
1789323463706068500,12.249068359375,-1.049027442932129,-0.24324750900268555,0.5596134066581726
1789323463724918500,12.26791845703125,-0.7283220291137695,0.7389183044433594,0.3426610827445984
1789323463743768800,12.286768798828126,-0.7959022521972656,0.34074926376342773,0.6308294534683228
1789323463762619000,12.305618896484376,-0.7479915618896484,-1.232457160949707,-0.44815024733543396
1789323463781469000,12.324468994140625,0.14434432983398438,-0.5335283279418945,-1.1477138996124268
1789323463800319200,12.3433193359375,2.1374921798706055,0.02087545394897461,-0.7310923337936401
1789323463828594400,12.371594482421875,0.4445991516113281,-0.22806811332702637,1.0709478855133057
1789323463847444500,12.390444580078125,0.6403179168701172,-0.48400235176086426,0.383958101272583
1789323463866294800,12.409294677734374,0.17175865173339844,-0.3608694076538086,-0.21095699071884155
1789323463885144800,12.428144775390624,-0.041899681091308594,0.20668578147888184,-0.8226056098937988
1789323463903995000,12.446994873046876,0.9118309020996094,-0.9926700592041016,1.0531277656555176
1789323463922845200,12.46584521484375,0.9665851593017578,-0.8335537910461426,0.8310747742652893
1789323463941695200,12.4846953125,2.175750732421875,-0.43431544303894043,-0.3375142812728882
1789323463960545300,12.503545166015625,1.7834396362304688,-0.8385241031646729,-0.6369362473487854
1789323463979395600,12.5223955078125,0.542048454284668,-0.9153685569763184,-0.3523629307746887
1789323463998245600,12.54124560546875,-0.06316947937011719,-0.21741867065429688,-0.7500861883163452
1789323464017095700,12.560095703125,-0.6251029968261719,-0.24240612983703613,0.07625722885131836
1789323464035946000,12.578946044921874,-0.23970508575439453,-0.033238887786865234,0.009231209754943848
1789323464054796000,12.597796142578124,0.04917335510253906,-0.11783552169799805,0.08762454986572266
1789323464073646300,12.616646240234376,0.12447738647460938,-0.14869189262390137,0.5676479935646057
1789323464092496400,12.635496337890626,0.20785236358642578,-0.0539555549621582,0.5868228673934937
1789323464111346400,12.654346435546875,0.7150945663452148,-0.24297451972961426,0.3583025336265564
1789323464130196700,12.67319677734375,0.28054332733154297,-0.27776360511779785,0.16681063175201416
1789323464149046800,12.692046875,-0.4486265182495117,-0.18795490264892578,-0.0670086145401001
1789323464167896800,12.710896728515625,-0.574030876159668,-0.14988040924072266,-0.47298896312713623
1789323464186747100,12.7297470703125,-0.4852151870727539,-0.4022243022918701,-0.05236411094665527
1789323464205597200,12.74859716796875,-0.6439743041992188,-0.422285795211792,0.40222716331481934
1789323464224447200,12.767447265625,-0.8501286506652832,-0.3461284637451172,0.34214913845062256
1789323464243297500,12.786297607421876,-0.7771530151367188,-0.2947568893432617,0.3565126657485962
1789323464262147600,12.805147705078125,-0.5066289901733398,-0.22953176498413086,0.4803404211997986
1789323464280997600,12.82399755859375,-0.5984020233154297,-0.1615614891052246,0.2682102918624878
1789323464299848000,12.842847900390625,-0.29213619232177734,-0.08316993713378906,0.17063796520233154
1789323464318698000,12.861697998046875,0.4286346435546875,-0.027939796447753906,0.2862779498100281
1789323464337548000,12.880548095703125,0.7639827728271484,-0.20618200302124023,0.3647940754890442
1789323464356398300,12.8993984375,0.17829322814941406,-0.23188209533691406,0.4086911082267761
1789323464375248400,12.918248291015624,-0.3509788513183594,-0.18481731414794922,0.2961382269859314
1789323464394098400,12.937098388671876,-0.20124244689941406,-0.27332496643066406,0.24301457405090332
1789323464412948700,12.95594873046875,-0.05038642883300781,-0.2476205825805664,0.49644529819488525
1789323464431798800,12.974798828125,-0.058864593505859375,-0.21122360229492188,0.23608428239822388
1789323464450648800,12.99364892578125,0.16697120666503906,-0.2931346893310547,-0.27615106105804443
1789323464469499100,13.0124990234375,0.1982860565185547,-0.4659256935119629,-0.2626456022262573
1789323464488349200,13.03134912109375,-0.1902017593383789,-0.2470412254333496,-0.03212690353393555
1789323464507199200,13.05019921875,-0.7269949913024902,0.06725025177001953,-0.13240551948547363
1789323464526049500,13.069049560546874,-0.7715873718261719,-0.1316089630126953,-0.6012016534805298
1789323464544899600,13.087899658203124,-0.682917594909668,-0.35451698303222656,-0.5177502632141113
1789323464563749600,13.10674951171875,-0.8040628433227539,-0.1816105842590332,-0.0540156364440918
1789323464582599700,13.125599609375,-0.737004280090332,-0.14269018173217773,-0.49556636810302734
1789323464601450000,13.144449951171875,0.024125099182128906,0.4236006736755371,-1.4878427982330322
1789323464620300000,13.163300048828125,-0.13601398468017578,-0.33694028854370117,-0.508657693862915
1789323464639150300,13.182150390625,-0.4090557098388672,-0.4753856658935547,-0.0981372594833374
1789323464658000400,13.20100048828125,-0.4157581329345703,-0.3305492401123047,-0.08665645122528076
1789323464676850400,13.219850341796874,-0.26161670684814453,-0.15888595581054688,-0.3054691553115845
1789323464695700500,13.238700439453124,0.02515125274658203,-0.10707521438598633,-0.7435494661331177
1789323464733400800,13.27640087890625,0.3177051544189453,-0.2100071907043457,-1.2751762866973877
1789323464752251000,13.2952509765625,0.4546480178833008,-0.30694580078125,-1.1713848114013672
1789323464771101000,13.314100830078125,0.5079841613769531,-0.35823822021484375,-0.9375616908073425
1789323464789951200,13.332951171875,0.4190940856933594,-0.3931732177734375,-0.692430853843689
1789323464808801300,13.35180126953125,0.23577880859375,-0.394625186920166,-0.5446135997772217
1789323464827651300,13.3706513671875,-0.009444236755371094,-0.3052048683166504,-0.4901221990585327
1789323464846501600,13.389501708984374,-0.33882999420166016,-0.26290225982666016,-0.45603615045547485
1789323464865351700,13.4083515625,-0.5231003761291504,-0.21013307571411133,-0.4666263461112976
1789323464884201700,13.42720166015625,-0.42284631729125977,-0.13465213775634766,-0.4440196752548218
1789323464903052000,13.446052001953126,-0.30933570861816406,-0.11823177337646484,-0.364482045173645
1789323464921902000,13.464902099609375,-0.24969482421875,-0.08338117599487305,-0.4878169894218445
1789323464940752100,13.483752197265625,-0.2694110870361328,0.019604206085205078,-0.7162385582923889
1789323464959602200,13.502602294921875,-0.15195465087890625,-0.10619354248046875,-0.7823976278305054
1789323464978452500,13.521452392578125,0.03910255432128906,-0.25810909271240234,-0.76460200548172
1789323464997302500,13.540302490234374,0.09333133697509766,-0.30501651763916016,-0.6199818849563599
1789323465016152600,13.559152587890624,0.0012960433959960938,-0.1932358741760254,-0.46113020181655884
1789323465035003000,13.5780029296875,-0.02949237823486328,-0.14536571502685547,-0.3359917998313904
1789323465053853000,13.59685302734375,0.05253028869628906,-0.10177803039550781,-0.36520707607269287
1789323465072703000,13.615702880859375,0.008263587951660156,-0.01653289794921875,-0.3133528232574463
1789323465091553000,13.634552978515625,-0.08939552307128906,0.07546806335449219,-0.06238138675689697
1789323465110403300,13.6534033203125,-0.13551998138427734,0.11301422119140625,0.1443282961845398
1789323465129253400,13.67225341796875,-0.06659603118896484,0.041385650634765625,0.10070288181304932
1789323465148103400,13.691103515625,0.10664176940917969,-0.050937652587890625,-0.07973331212997437
1789323465166953500,13.709953369140624,0.14480304718017578,-0.13757991790771484,-0.13397496938705444
1789323465185803800,13.7288037109375,0.05522346496582031,-0.08803129196166992,-0.0009691119194030762
1789323465204653800,13.74765380859375,0.0290679931640625,0.11936330795288086,0.10681700706481934
1789323465223504000,13.76650390625,0.16861724853515625,0.19519901275634766,0.15236157178878784
1789323465242354000,13.78535400390625,0.24291133880615234,0.01545572280883789,0.1770690679550171
1789323465261204200,13.804204345703125,0.3056516647338867,-0.12488889694213867,0.19104504585266113
1789323465289479200,13.832479248046875,0.13303375244140625,-0.1517186164855957,0.3718716502189636
1789323465308329500,13.85132958984375,-0.20235300064086914,-0.11711788177490234,0.6188727617263794
1789323465327179500,13.870179443359374,-0.38557863235473633,-0.01658916473388672,0.6234474182128906
1789323465346029600,13.889029541015624,-0.2367081642150879,0.00030040740966796875,0.3895840048789978
1789323465364880000,13.9078798828125,-0.0638265609741211,-0.1007080078125,0.16988682746887207
1789323465383730000,13.92672998046875,0.03790092468261719,-0.1422863006591797,0.026627063751220703
1789323465402580000,13.945580078125,0.09038257598876953,-0.10511255264282227,-0.03230583667755127
1789323465421430000,13.964429931640625,0.04606437683105469,-0.08698701858520508,0.008658289909362793
1789323465440280000,13.983280029296875,-0.04010581970214844,-0.10373163223266602,0.06296753883361816
1789323465459130400,14.00213037109375,-0.10973501205444336,-0.09027385711669922,0.04050302505493164
1789323465477980400,14.02098046875,0.07678699493408203,-0.00437164306640625,-0.20271122455596924
1789323465496830500,14.03983056640625,0.24309825897216797,-0.020443439483642578,-0.2434171438217163
1789323465515680500,14.058680419921876,0.1642160415649414,0.015065193176269531,-0.2912418842315674
1789323465534530800,14.07753076171875,-0.22948408126831055,0.08732128143310547,-0.4689704179763794
1789323465553380900,14.096380859375,-0.4076108932495117,0.13021564483642578,-0.661234974861145
1789323465572231000,14.11523095703125,-0.24385833740234375,0.07399892807006836,-0.7552614212036133
1789323465591081000,14.1340810546875,0.009332656860351562,-0.023935317993164062,-0.6931226253509521
1789323465609931300,14.15293115234375,0.20685672760009766,-0.00040912628173828125,-0.711424708366394
1789323465628781300,14.17178125,0.33833885192871094,0.02894115447998047,-0.881676435470581
1789323465647631400,14.19063134765625,0.3162517547607422,0.011103153228759766,-1.0078520774841309
1789323465666481400,14.2094814453125,0.2049722671508789,-0.0489192008972168,-0.8575828075408936
1789323465694756600,14.237756591796876,0.12444114685058594,-0.1820526123046875,-0.34613037109375
1789323465713606700,14.256606689453125,0.15021324157714844,-0.21236228942871094,-0.09233689308166504
1789323465732457000,14.27545703125,0.08382892608642578,0.021053314208984375,0.035159945487976074
1789323465751307000,14.29430712890625,-0.014660835266113281,0.10704326629638672,0.008365273475646973
1789323465770157000,14.313156982421875,0.024906158447265625,0.19931840896606445,-0.1593611240386963
1789323465789007000,14.332007080078125,0.12576961517333984,0.2571115493774414,-0.1563732624053955
1789323465807857200,14.350857177734374,0.16446590423583984,0.2457904815673828,-0.010922670364379883
1789323465826707500,14.36970751953125,0.14070987701416016,0.34424543380737305,0.06649208068847656
1789323465845557500,14.3885576171875,0.08868694305419922,0.40192604064941406,-0.025566697120666504
1789323465864407600,14.407407470703125,-0.04022026062011719,0.35852861404418945,-0.12044882774353027
1789323465883257600,14.426257568359375,-0.13462543487548828,0.3951249122619629,-0.09539711475372314
1789323465902107600,14.445107666015625,-0.20669937133789062,0.38069725036621094,-0.03234660625457764
1789323465920958000,14.4639580078125,-0.4040508270263672,0.20766687393188477,-0.01504826545715332
1789323465949233200,14.492233154296875,-0.6896023750305176,0.055561065673828125,-0.08415699005126953
1789323465968083200,14.511083251953124,-0.6068105697631836,0.07462596893310547,-0.15149450302124023
1789323465986933200,14.529933349609376,-0.3113088607788086,0.004024982452392578,-0.32080745697021484
1789323466005783300,14.548783203125,-0.2971620559692383,0.10033321380615234,-0.7989438772201538
1789323466024633300,14.56763330078125,-0.38521814346313477,-0.04120492935180664,-0.7129607200622559
1789323466043483600,14.586483642578125,-0.34067535400390625,-0.07842493057250977,-0.5434075593948364
1789323466062333700,14.605333740234375,-0.20907974243164062,-0.06626749038696289,-0.8226513862609863
1789323466081183700,14.624183837890625,-0.26270484924316406,-0.18361949920654297,-1.3822048902511597
1789323466109459000,14.652458984375,-0.2948627471923828,-0.10471439361572266,-2.222256660461426
1789323466137734100,14.680734130859374,0.48404407501220703,-0.27295827865600586,-2.445117950439453
1789323466156584200,14.699584228515626,0.8352279663085938,-0.39786386489868164,-2.1136178970336914
1789323466175434200,14.718434326171876,0.9264745712280273,-0.4192495346069336,-1.6837000846862793
1789323466194284300,14.7372841796875,0.9047536849975586,-0.4232501983642578,-1.4738564491271973
1789323466213134300,14.75613427734375,0.7734766006469727,-0.5223250389099121,-1.3638967275619507
1789323466231984600,14.774984619140625,0.4337949752807617,-0.5882840156555176,-1.184427261352539
1789323466250834700,14.793834716796875,0.17940044403076172,-0.501554012298584,-0.9164838790893555
1789323466269684700,14.812684814453124,0.15079307556152344,-0.4373340606689453,-0.5454304814338684
1789323466288534800,14.83153466796875,0.2082357406616211,-0.42601680755615234,-0.26421451568603516
1789323466307384800,14.850384765625,0.23726844787597656,-0.4245786666870117,-0.24936479330062866
1789323466326235100,14.869235107421876,0.16756916046142578,-0.41288328170776367,-0.3954539895057678
1789323466345085200,14.888085205078125,0.03847503662109375,-0.3825078010559082,-0.38289397954940796
1789323466363935200,14.906935302734375,-0.029608726501464844,-0.44797515869140625,-0.188057541847229
1789323466382785300,14.925785400390625,0.20606040954589844,-0.36881065368652344,-0.18921923637390137
1789323466401635300,14.94463525390625,-0.0026950836181640625,-0.12369203567504883,-0.45402753353118896
1789323466420485400,14.9634853515625,-0.07637882232666016,-0.24451732635498047,-0.5770970582962036
1789323466439335700,14.982335693359374,-0.1845407485961914,-0.3671426773071289,-0.5287262201309204
1789323466458185700,15.001185791015626,-0.3029642105102539,-0.30005455017089844,-0.2244977355003357
1789323466477035800,15.020035888671876,-0.3823070526123047,-0.22039079666137695,0.08834940195083618
1789323466495885800,15.0388857421875,-0.028047561645507812,-0.24737882614135742,-0.04296433925628662
1789323466514736000,15.057736083984375,0.16025638580322266,-0.25624513626098633,-0.3471003770828247
1789323466533586200,15.076586181640625,0.17433929443359375,-0.21565008163452148,-0.42395132780075073
1789323466552436200,15.095436279296875,0.10688591003417969,-0.14676332473754883,-0.16932207345962524
1789323466571286300,15.114286376953125,0.21512985229492188,-0.1865067481994629,0.11516392230987549
1789323466590136300,15.13313623046875,0.34711551666259766,-0.2492661476135254,0.2656319737434387
1789323466608986400,15.151986328125,0.18713855743408203,-0.3044114112854004,0.42957282066345215
1789323466627836700,15.170836669921876,0.010643959045410156,-0.22338485717773438,0.5699563026428223
1789323466646686700,15.189686767578126,0.2817726135253906,-0.06415891647338867,0.42706167697906494
1789323466665536800,15.208536865234375,0.454681396484375,-0.13450384140014648,0.24509704113006592
1789323466684386800,15.22738671875,0.2551898956298828,-0.2799863815307617,0.15898430347442627
1789323466703236900,15.24623681640625,-0.04620838165283203,-0.33572912216186523,0.13651669025421143
1789323466722087200,15.265087158203125,-0.20224380493164062,-0.25619029998779297,0.09642291069030762
1789323466740937200,15.283937255859374,-0.057503700256347656,-0.21274280548095703,0.0742412805557251
1789323466759787300,15.302787353515624,0.14554119110107422,-0.31536149978637695,0.34759294986724854
1789323466778637300,15.32163720703125,-0.017767906188964844,-0.1253490447998047,0.11305510997772217
1789323466797487400,15.3404873046875,-0.4018282890319824,0.11092329025268555,-0.2603921890258789
1789323466816337700,15.359337646484375,-0.12178421020507812,-0.043721675872802734,-0.171453595161438
1789323466844612600,15.387612548828125,0.2710123062133789,-0.18087244033813477,0.09650242328643799
1789323466863462700,15.406462646484375,0.120697021484375,-0.21391773223876953,0.20376062393188477
1789323466882313000,15.42531298828125,0.10532665252685547,-0.11945581436157227,-0.009284138679504395
1789323466901163000,15.4441630859375,0.18095779418945312,-0.10106897354125977,-0.28875410556793213
1789323466920013000,15.463012939453124,0.10342121124267578,-0.05653810501098633,-0.5208923816680908
1789323466938863000,15.481863037109376,-0.06929683685302734,0.040465354919433594,-0.6159442663192749
1789323466957713400,15.50071337890625,-0.13213634490966797,0.09750938415527344,-0.44925081729888916
1789323466976563500,15.5195634765625,0.10573768615722656,0.18824338912963867,-0.24588847160339355
1789323466995413500,15.53841357421875,0.22089481353759766,0.18186187744140625,0.06081122159957886
1789323467014263600,15.557263671875,0.3823814392089844,0.21719932556152344,0.22943127155303955
1789323467033113600,15.576113525390625,0.6762599945068359,0.28236913681030273,0.274913489818573
1789323467051963600,15.594963623046874,0.7115583419799805,0.13370084762573242,0.40604397654533386
1789323467070814000,15.61381396484375,0.4993457794189453,-0.048508644104003906,0.5002424120903015
1789323467089664000,15.6326640625,0.4201335906982422,-0.020743846893310547,0.36018621921539307
1789323467108514000,15.65151416015625,0.5525960922241211,0.025737762451171875,0.3030773401260376
1789323467127364000,15.670364013671875,0.4216127395629883,-0.053292274475097656,0.4873431324958801
1789323467146214400,15.68921435546875,0.03159904479980469,-0.05697822570800781,0.6259169578552246
1789323467165064400,15.708064453125,-0.09884929656982422,-0.05876350402832031,0.45930737257003784
1789323467183914500,15.72691455078125,-0.13834857940673828,-0.17634344100952148,0.32957684993743896
1789323467202764500,15.7457646484375,-0.27190732955932617,-0.25252580642700195,0.31648749113082886
1789323467221614600,15.764614501953124,-0.35041189193725586,-0.22956275939941406,0.36175984144210815
1789323467240464600,15.783464599609376,-0.44641876220703125,-0.256375789642334,0.41213154792785645
1789323467259315000,15.80231494140625,-0.6112837791442871,-0.2452554702758789,0.3187112808227539
1789323467287590000,15.83058984375,-0.790041446685791,0.1255784034729004,0.2009638547897339
1789323467306440200,15.849440185546875,-0.4840202331542969,0.08601140975952148,0.1329859495162964
1789323467325290200,15.868290283203125,-0.18824291229248047,-0.06743431091308594,0.07871413230895996
1789323467344140300,15.887140380859375,-0.0655517578125,-0.14461755752563477,0.1756049394607544
1789323467362990300,15.905990234375,-0.0660390853881836,-0.17151403427124023,0.2501014471054077
1789323467381840600,15.924840576171874,0.18898677825927734,-0.017739295959472656,0.014780402183532715
1789323467400690700,15.943690673828126,0.17873859405517578,-0.02639293670654297,0.19433224201202393
1789323467419540700,15.962540771484376,0.18544578552246094,-0.008853435516357422,0.4432802200317383
1789323467438390800,15.981390869140625,0.17421531677246094,-0.16282987594604492,0.37722349166870117
1789323467457240800,16.00024072265625,0.09410858154296875,-0.039041996002197266,0.23742759227752686
1789323467476091000,16.0190908203125,-0.02350139617919922,0.014891624450683594,0.3691445589065552
1789323467494941200,16.037941162109377,-0.1183309555053711,-0.027014732360839844,0.5865323543548584
1789323467513791200,16.056791259765625,-0.1589641571044922,-0.04239654541015625,0.7079100012779236
1789323467532641300,16.075641357421876,-0.07118988037109375,-0.06315135955810547,0.6488561630249023
1789323467551491300,16.0944912109375,-0.09999752044677734,-0.06609964370727539,0.5431252717971802
1789323467570341600,16.113341552734376,-0.27269554138183594,-0.037412166595458984,0.39219921827316284
1789323467589191700,16.132191650390624,-0.5238299369812012,0.007205009460449219,0.2738302946090698
1789323467608041700,16.151041748046875,-0.6985540390014648,0.08918333053588867,0.1859205961227417
1789323467626891800,16.169891845703123,-0.6222600936889648,0.2372589111328125,0.15089964866638184
1789323467645741800,16.188741943359375,-0.2904024124145508,0.4098834991455078,0.09648346900939941
1789323467664592100,16.207592041015626,0.1476287841796875,0.48345041275024414,0.004038214683532715
1789323467683442200,16.226442138671874,0.42217254638671875,0.23708724975585938,0.041367411613464355
1789323467702292200,16.245292236328126,0.1981067657470703,0.27380847930908203,-0.0077817440032958984
1789323467721142300,16.264142333984374,-0.12449932098388672,0.29679107666015625,-0.07732641696929932
1789323467739992600,16.28299267578125,-0.22283935546875,0.1886739730834961,-0.15626978874206543
1789323467758842600,16.301842529296874,-0.16822433471679688,-0.21934127807617188,0.17143046855926514
1789323467777692700,16.320692626953125,-0.38560009002685547,0.08352136611938477,-0.08407264947891235
1789323467796542700,16.339542724609377,-0.1166830062866211,-0.0300905704498291,-0.0988239049911499
1789323467815392800,16.358392822265625,-0.022451400756835938,-0.21850991249084473,-0.07758733630180359
1789323467834243000,16.3772431640625,-0.126220703125,-0.45603275299072266,0.024238765239715576
1789323467853093000,16.396093017578124,-0.056290626525878906,-0.46958422660827637,-0.1129058301448822
1789323467871943200,16.414943115234376,0.0052585601806640625,-0.32042598724365234,-0.061104387044906616
1789323467890793200,16.433793212890624,-0.07306385040283203,-0.2816152572631836,0.39794138073921204
1789323467909643500,16.4526435546875,-0.2824258804321289,-0.26243090629577637,0.7581354379653931
1789323467928493600,16.47149365234375,0.5506076812744141,-0.167555570602417,0.7249181866645813
1789323467947343600,16.490343505859375,0.8228721618652344,0.14934992790222168,0.45752209424972534
1789323467966193700,16.509193603515627,0.6098833084106445,0.16126489639282227,0.5735900402069092
1789323467985043700,16.528043701171875,0.31388187408447266,0.2180776596069336,0.7245692014694214
1789323468003894000,16.54689404296875,0.3319864273071289,0.14494943618774414,0.7867133021354675
1789323468022744000,16.565744140625,0.515965461730957,0.10991954803466797,0.7284749746322632
1789323468041594000,16.584593994140626,0.6850566864013672,0.05890059471130371,0.5394794344902039
1789323468060444200,16.603444091796874,0.7779636383056641,-0.0018773078918457031,0.3508985638618469
1789323468079294500,16.62229443359375,0.6491489410400391,-0.0836935043334961,0.455644816160202
1789323468098144500,16.64114453125,0.4008455276489258,-0.045239925384521484,0.7321063280105591
1789323468116994600,16.65999462890625,0.06023597717285156,-0.019415616989135742,1.0616265535354614
1789323468135844600,16.6788447265625,-0.3830881118774414,0.044648170471191406,1.1946256160736084
1789323468154695000,16.69769482421875,-0.5349187850952148,0.0598905086517334,0.9924156069755554
1789323468173545000,16.716544921875,-0.2415332794189453,-0.0023453235626220703,0.5809652209281921
1789323468192395000,16.73539501953125,0.15874004364013672,-0.18345999717712402,0.2610584497451782
1789323468211245000,16.7542451171875,0.12005138397216797,-0.3214986324310303,0.2622632384300232
1789323468230095000,16.77309521484375,-0.19568157196044922,-0.2712254524230957,0.45622462034225464
1789323468248945400,16.7919453125,-0.3783702850341797,-0.03476667404174805,0.6428067684173584
1789323468267795500,16.81079541015625,-0.05573558807373047,0.26319289207458496,0.5978302359580994
1789323468286645500,16.8296455078125,0.26853370666503906,0.28696179389953613,0.5158191323280334
1789323468305495800,16.848495849609375,0.42200469970703125,0.15659308433532715,0.3749387860298157
1789323468324345900,16.867345947265626,0.5414590835571289,0.053643226623535156,0.1624894142150879
1789323468343196000,16.88619580078125,0.5168619155883789,-0.007000923156738281,0.03785109519958496
1789323468362046000,16.9050458984375,0.4884157180786133,0.08097672462463379,-0.10719799995422363
1789323468380896000,16.92389599609375,0.5792903900146484,0.08181524276733398,-0.25135767459869385
1789323468399746300,16.942746337890625,0.566594123840332,-0.12443399429321289,-0.13722777366638184
1789323468418596400,16.961596435546873,0.23107528686523438,-0.36165428161621094,0.07036185264587402
1789323468437446400,16.9804462890625,-0.02945232391357422,-0.39444637298583984,0.31554117798805237
1789323468456296400,16.99929638671875,-0.17694759368896484,-0.33016300201416016,0.3758732080459595
1789323468475146800,17.018146728515624,-0.2435741424560547,-0.33379268646240234,0.2914913296699524
1789323468493996800,17.036996826171876,-0.19298076629638672,-0.451204776763916,0.05886918306350708
1789323468512846800,17.055846923828124,-0.16030216217041016,-0.5405700206756592,-0.16147947311401367
1789323468531697200,17.074697265625,-0.19704627990722656,-0.5890827178955078,-0.18870621919631958
1789323468550547200,17.093547119140624,-0.06040191650390625,-0.6089119911193848,-0.12420576810836792
1789323468569397200,17.112397216796875,0.11667633056640625,-0.612032413482666,-0.10771685838699341
1789323468588247300,17.131247314453127,0.21361255645751953,-0.5659303665161133,-0.020230650901794434
1789323468607097600,17.15009765625,0.36917781829833984,-0.4708096981048584,0.11621999740600586
1789323468625947600,17.16894775390625,0.2766847610473633,-0.355083703994751,0.22933363914489746
1789323468644797700,17.187797607421874,0.06549644470214844,-0.22208547592163086,0.3368707299232483
1789323468663647700,17.206647705078126,0.08972740173339844,-0.020051956176757812,0.3855257034301758
1789323468682498000,17.225498046875,0.05482006072998047,0.01226949691772461,0.5432256460189819
1789323468701348000,17.24434814453125,0.031853675842285156,-0.018530845642089844,0.6856564283370972
1789323468720198100,17.2631982421875,0.17042255401611328,-0.013895988464355469,0.659439742565155
1789323468739048200,17.282048095703125,0.30310916900634766,0.035823822021484375,0.539116621017456
1789323468757898500,17.3008984375,0.27797603607177734,0.035227298736572266,0.4975240230560303
1789323468776748500,17.31974853515625,0.10600852966308594,0.07464075088500977,0.49183815717697144
1789323468795598600,17.3385986328125,-0.03609180450439453,0.18967247009277344,0.4167879819869995
1789323468814448600,17.35744873046875,-0.1516733169555664,0.24423885345458984,0.5096092820167542
1789323468833299000,17.376298828125,-0.25768184661865234,0.22995710372924805,0.6961385011672974
1789323468852149000,17.39514892578125,-0.3030118942260742,0.21111202239990234,0.6580319404602051
1789323468870999000,17.4139990234375,-0.15669536590576172,0.11598396301269531,0.34266841411590576
1789323468889849300,17.432849365234375,-0.03714752197265625,0.051792144775390625,-0.02955925464630127
1789323468908699400,17.451699462890623,-0.0829620361328125,0.09637308120727539,-0.19979256391525269
1789323468936974600,17.479974609375,-0.19915485382080078,0.2993783950805664,-0.035140931606292725
1789323468955824600,17.49882470703125,-0.1580333709716797,0.3965263366699219,0.13182705640792847
1789323468974674700,17.5176748046875,0.029642105102539062,0.3877601623535156,0.15378504991531372
1789323468993525000,17.53652490234375,0.2297229766845703,0.2949404716491699,0.05162250995635986
1789323469012375000,17.555375,0.3605670928955078,0.19212770462036133,-0.05240720510482788
1789323469040650200,17.583650146484374,0.3772115707397461,0.042528629302978516,-0.08303755521774292
1789323469059500300,17.602500244140625,0.3380851745605469,0.0011048316955566406,-0.08015316724777222
1789323469078350600,17.6213505859375,0.24117088317871094,-0.05576610565185547,0.007170051336288452
1789323469097200600,17.64020068359375,0.1428518295288086,-0.14438629150390625,0.15421125292778015
1789323469116050700,17.65905078125,0.1875152587890625,-0.2709498405456543,0.14664728939533234
1789323469134900700,17.677900634765624,0.12353229522705078,-0.2935018539428711,0.0184800922870636
1789323469153751000,17.6967509765625,-0.1001129150390625,-0.23810052871704102,-0.08454897999763489
1789323469172601000,17.71560107421875,-0.4339923858642578,-0.16875553131103516,-0.04793095588684082
1789323469191451100,17.734451171875,-0.5980920791625977,-0.05484342575073242,-0.030287951231002808
1789323469210301400,17.753301513671875,-0.5749025344848633,0.027371883392333984,-0.028432786464691162
1789323469229151500,17.7721513671875,-0.3844718933105469,0.04947090148925781,-0.0381796658039093
1789323469248001500,17.79100146484375,-0.09369850158691406,-0.007365703582763672,-0.13822808861732483
1789323469266851800,17.809851806640626,0.16663455963134766,-0.014503002166748047,-0.29598453640937805
1789323469285702000,17.828701904296874,0.2706794738769531,0.039694786071777344,-0.38697299361228943
1789323469304552000,17.847552001953126,0.20678424835205078,0.10362720489501953,-0.3827742338180542
1789323469323402000,17.866402099609374,0.24872303009033203,0.15158891677856445,-0.45888540148735046
1789323469342252300,17.885252197265626,0.4138784408569336,0.12335062026977539,-0.4979764223098755
1789323469361102300,17.904102294921874,0.6166763305664062,0.060916900634765625,-0.37885451316833496
1789323469379952400,17.922952392578125,0.6792097091674805,0.019659042358398438,-0.1843593716621399
1789323469398802700,17.941802734375,0.49420738220214844,0.030376911163330078,-0.07691454887390137
1789323469417652700,17.96065283203125,0.2957954406738281,-0.047278404235839844,-0.15312153100967407
1789323469436502800,17.979502685546876,0.11402130126953125,-0.1592860221862793,-0.2418552041053772
1789323469455353000,17.99835302734375,-0.13737869262695312,-0.215714693069458,-0.2505878210067749
1789323469474203100,18.017203125,-0.44640064239501953,-0.3370068073272705,-0.21447104215621948
1789323469493053200,18.03605322265625,-0.10050678253173828,-0.1218109130859375,-0.5056830644607544
1789323469511903500,18.054903564453124,0.10327720642089844,0.0761251449584961,-0.5839989185333252
1789323469530753500,18.07375341796875,0.3718395233154297,-0.01045370101928711,-0.334808886051178
1789323469549603600,18.092603515625,0.5025138854980469,-0.18083930015563965,-0.11812901496887207
