recording_id,participant,label,pred
P01_B01,P01,bumpy,smooth
P01_B01,P01,bumpy,bumpy
P01_B01,P01,bumpy,bumpy
P01_B01,P01,bumpy,bumpy
P01_B01,P01,bumpy,smooth
P01_B01,P01,bumpy,smooth
P01_B01,P01,bumpy,bumpy
P01_B01,P01,bumpy,smooth
P01_B01,P01,bumpy,smooth
P01_B01,P01,bumpy,smooth
P01_B01,P01,bumpy,smooth
P01_B01,P01,bumpy,smooth
P01_B01,P01,bumpy,smooth
P01_B01,P01,bumpy,bumpy
P01_B01,P01,bumpy,bumpy
P01_B01,P01,bumpy,bumpy
P01_B01,P01,bumpy,smooth
P01_B01,P01,bumpy,smooth
P01_B01,P01,bumpy,bumpy
P01_B01,P01,bumpy,bumpy
P01_B01,P01,bumpy,smooth
P01_B01,P01,bumpy,smooth
P01_B01,P01,bumpy,smooth
P01_B01,P01,bumpy,bumpy
P01_B01,P01,bumpy,bumpy
P01_B01,P01,bumpy,smooth
P01_B01,P01,bumpy,smooth
P01_B02,P01,bumpy,bumpy
P01_B02,P01,bumpy,bumpy
P01_B02,P01,bumpy,bumpy
P01_B02,P01,bumpy,bumpy
P01_B02,P01,bumpy,bumpy
P01_B02,P01,bumpy,bumpy
P01_B02,P01,bumpy,bumpy
P01_B02,P01,bumpy,smooth
P01_B02,P01,bumpy,bumpy
P01_B02,P01,bumpy,bumpy
P01_B02,P01,bumpy,bumpy
P01_B02,P01,bumpy,bumpy
P01_B02,P01,bumpy,bumpy
P01_B02,P01,bumpy,bumpy
P01_B02,P01,bumpy,bumpy
P01_B03,P01,bumpy,bumpy
P01_B03,P01,bumpy,bumpy
P01_B03,P01,bumpy,smooth
P01_B03,P01,bumpy,bumpy
P01_B03,P01,bumpy,bumpy
P01_B03,P01,bumpy,bumpy
P01_B03,P01,bumpy,smooth
P01_B03,P01,bumpy,smooth
P01_B03,P01,bumpy,bumpy
P01_B03,P01,bumpy,bumpy
P01_B03,P01,bumpy,bumpy
P01_B03,P01,bumpy,bumpy
P01_B03,P01,bumpy,bumpy
P01_B03,P01,bumpy,bumpy
P01_B03,P01,bumpy,bumpy
P01_B03,P01,bumpy,bumpy
P01_B04,P01,bumpy,bumpy
P01_B04,P01,bumpy,smooth
P01_B04,P01,bumpy,smooth
P01_B04,P01,bumpy,smooth
P01_B04,P01,bumpy,bumpy
P01_B04,P01,bumpy,smooth
P01_B04,P01,bumpy,smooth
P01_B04,P01,bumpy,smooth
P01_B04,P01,bumpy,bumpy
P01_B04,P01,bumpy,bumpy
P01_B04,P01,bumpy,bumpy
P01_B04,P01,bumpy,smooth
P01_B04,P01,bumpy,bumpy
P01_B04,P01,bumpy,bumpy
P01_B04,P01,bumpy,bumpy
P01_B04,P01,bumpy,bumpy
P01_B04,P01,bumpy,bumpy
P01_B04,P01,bumpy,smooth
P01_B04,P01,bumpy,smooth
P01_B05,P01,bumpy,smooth
P01_B05,P01,bumpy,bumpy
P01_B05,P01,bumpy,smooth
P01_B05,P01,bumpy,bumpy
P01_B05,P01,bumpy,bumpy
P01_B05,P01,bumpy,smooth
P01_B05,P01,bumpy,bumpy
P01_B05,P01,bumpy,bumpy
P01_B05,P01,bumpy,smooth
P01_B05,P01,bumpy,smooth
P01_B05,P01,bumpy,smooth
P01_B05,P01,bumpy,smooth
P01_B05,P01,bumpy,smooth
P01_B05,P01,bumpy,bumpy
P01_B05,P01,bumpy,bumpy
P01_B05,P01,bumpy,bumpy
P01_B05,P01,bumpy,bumpy
P01_B05,P01,bumpy,smooth
P01_B05,P01,bumpy,bumpy
P01_B05,P01,bumpy,bumpy
P01_B05,P01,bumpy,bumpy
P01_B05,P01,bumpy,bumpy
P01_B06,P01,bumpy,smooth
P01_B06,P01,bumpy,smooth
P01_B06,P01,bumpy,smooth
P01_B06,P01,bumpy,smooth
P01_B06,P01,bumpy,smooth
P01_B06,P01,bumpy,bumpy
P01_B06,P01,bumpy,bumpy
P01_B06,P01,bumpy,bumpy
P01_B06,P01,bumpy,bumpy
P01_B06,P01,bumpy,smooth
P01_B06,P01,bumpy,smooth
P01_S01,P01,smooth,smooth
P01_S01,P01,smooth,smooth
P01_S01,P01,smooth,smooth
P01_S01,P01,smooth,smooth
P01_S01,P01,smooth,smooth
P01_S01,P01,smooth,smooth
P01_S01,P01,smooth,smooth
P01_S01,P01,smooth,smooth
P01_S01,P01,smooth,smooth
P01_S01,P01,smooth,smooth
P01_S01,P01,smooth,smooth
P01_S01,P01,smooth,smooth
P01_S01,P01,smooth,smooth
P01_S02,P01,smooth,smooth
P01_S02,P01,smooth,smooth
P01_S02,P01,smooth,smooth
P01_S02,P01,smooth,smooth
P01_S02,P01,smooth,smooth
P01_S02,P01,smooth,smooth
P01_S02,P01,smooth,smooth
P01_S02,P01,smooth,smooth
P01_S02,P01,smooth,smooth
P01_S02,P01,smooth,smooth
P01_S02,P01,smooth,smooth
P01_S02,P01,smooth,smooth
P01_S02,P01,smooth,smooth
P01_S02,P01,smooth,smooth
P01_S02,P01,smooth,smooth
P01_S02,P01,smooth,smooth
P01_S02,P01,smooth,smooth
P01_S02,P01,smooth,smooth
P01_S02,P01,smooth,smooth
P01_S03,P01,smooth,smooth
P01_S03,P01,smooth,smooth
P01_S03,P01,smooth,smooth
P01_S03,P01,smooth,smooth
P01_S03,P01,smooth,smooth
P01_S03,P01,smooth,smooth
P01_S03,P01,smooth,smooth
P01_S03,P01,smooth,smooth
P01_S03,P01,smooth,smooth
P01_S03,P01,smooth,smooth
P01_S03,P01,smooth,smooth
P01_S03,P01,smooth,smooth
P01_S03,P01,smooth,smooth
P01_S03,P01,smooth,smooth
P01_S03,P01,smooth,smooth
P01_S03,P01,smooth,smooth
P01_S03,P01,smooth,smooth
P01_S03,P01,smooth,smooth
P01_S03,P01,smooth,smooth
P01_S03,P01,smooth,smooth
P01_S03,P01,smooth,smooth
P01_S03,P01,smooth,smooth
P01_S03,P01,smooth,smooth
P01_S03,P01,smooth,smooth
P01_S04,P01,smooth,smooth
P01_S04,P01,smooth,smooth
P01_S04,P01,smooth,smooth
P01_S04,P01,smooth,smooth
P01_S04,P01,smooth,smooth
P01_S04,P01,smooth,smooth
P01_S04,P01,smooth,smooth
P01_S04,P01,smooth,smooth
P01_S04,P01,smooth,smooth
P01_S04,P01,smooth,smooth
P01_S04,P01,smooth,smooth
P01_S04,P01,smooth,smooth
P01_S04,P01,smooth,smooth
P01_S04,P01,smooth,smooth
P01_S04,P01,smooth,smooth
P01_S04,P01,smooth,smooth
P01_S04,P01,smooth,smooth
P01_S04,P01,smooth,smooth
P01_S04,P01,smooth,smooth
P01_S04,P01,smooth,smooth
P01_S04,P01,smooth,smooth
P01_S04,P01,smooth,smooth
P01_S04,P01,smooth,smooth
P01_S04,P01,smooth,smooth
P01_S04,P01,smooth,smooth
P01_S04,P01,smooth,smooth
P01_S04,P01,smooth,smooth
P01_S04,P01,smooth,smooth
P01_S04,P01,smooth,smooth
P01_S04,P01,smooth,smooth
P01_S04,P01,smooth,smooth
P01_S04,P01,smooth,smooth
P02_B01,P02,bumpy,bumpy
P02_B01,P02,bumpy,bumpy
P02_B01,P02,bumpy,bumpy
P02_B01,P02,bumpy,bumpy
P02_B01,P02,bumpy,bumpy
P02_B01,P02,bumpy,bumpy
P02_B01,P02,bumpy,bumpy
P02_B01,P02,bumpy,bumpy
P02_B01,P02,bumpy,bumpy
P02_B01,P02,bumpy,bumpy
P02_B01,P02,bumpy,bumpy
P02_B01,P02,bumpy,bumpy
P02_B01,P02,bumpy,bumpy
P02_B01,P02,bumpy,bumpy
P02_B01,P02,bumpy,bumpy
P02_B01,P02,bumpy,bumpy
P02_B01,P02,bumpy,bumpy
P02_B01,P02,bumpy,bumpy
P02_B01,P02,bumpy,bumpy
P02_B01,P02,bumpy,bumpy
P02_B01,P02,bumpy,bumpy
P02_B01,P02,bumpy,bumpy
P02_B01,P02,bumpy,bumpy
P02_B01,P02,bumpy,bumpy
P02_B01,P02,bumpy,bumpy
P02_B01,P02,bumpy,bumpy
P02_B01,P02,bumpy,bumpy
P02_B01,P02,bumpy,bumpy
P02_B01,P02,bumpy,bumpy
P02_B01,P02,bumpy,bumpy
P02_B01,P02,bumpy,bumpy
P02_B01,P02,bumpy,bumpy
P02_B01,P02,bumpy,bumpy
P02_B01,P02,bumpy,bumpy
P02_B02,P02,bumpy,bumpy
P02_B02,P02,bumpy,bumpy
P02_B02,P02,bumpy,bumpy
P02_B02,P02,bumpy,bumpy
P02_B02,P02,bumpy,bumpy
P02_B02,P02,bumpy,bumpy
P02_B02,P02,bumpy,bumpy
P02_B02,P02,bumpy,bumpy
P02_B02,P02,bumpy,bumpy
P02_B02,P02,bumpy,bumpy
P02_B02,P02,bumpy,bumpy
P02_B02,P02,bumpy,bumpy
P02_B02,P02,bumpy,bumpy
P02_B02,P02,bumpy,bumpy
P02_B02,P02,bumpy,bumpy
P02_B02,P02,bumpy,bumpy
P02_B02,P02,bumpy,bumpy
P02_B02,P02,bumpy,bumpy
P02_B02,P02,bumpy,bumpy
P02_B02,P02,bumpy,bumpy
P02_B02,P02,bumpy,bumpy
P02_B02,P02,bumpy,bumpy
P02_B02,P02,bumpy,bumpy
P02_B02,P02,bumpy,bumpy
P02_B02,P02,bumpy,bumpy
P02_B02,P02,bumpy,bumpy
P02_B02,P02,bumpy,bumpy
P02_B02,P02,bumpy,bumpy
P02_B02,P02,bumpy,bumpy
P02_B02,P02,bumpy,bumpy
P02_B03,P02,bumpy,bumpy
P02_B03,P02,bumpy,bumpy
P02_B03,P02,bumpy,bumpy
P02_B03,P02,bumpy,bumpy
P02_B03,P02,bumpy,bumpy
P02_B03,P02,bumpy,bumpy
P02_B03,P02,bumpy,bumpy
P02_B03,P02,bumpy,bumpy
P02_B03,P02,bumpy,bumpy
P02_B03,P02,bumpy,bumpy
P02_B03,P02,bumpy,bumpy
P02_B03,P02,bumpy,bumpy
P02_B03,P02,bumpy,bumpy
P02_B03,P02,bumpy,bumpy
P02_B03,P02,bumpy,bumpy
P02_B03,P02,bumpy,bumpy
P02_B03,P02,bumpy,bumpy
P02_B03,P02,bumpy,bumpy
P02_B03,P02,bumpy,bumpy
P02_B03,P02,bumpy,bumpy
P02_B03,P02,bumpy,bumpy
P02_B03,P02,bumpy,bumpy
P02_B03,P02,bumpy,bumpy
P02_B03,P02,bumpy,bumpy
P02_B03,P02,bumpy,bumpy
P02_B03,P02,bumpy,bumpy
P02_B03,P02,bumpy,bumpy
P02_B03,P02,bumpy,bumpy
P02_B03,P02,bumpy,bumpy
P02_B03,P02,bumpy,bumpy
P02_B03,P02,bumpy,bumpy
P02_B04,P02,bumpy,bumpy
P02_B04,P02,bumpy,bumpy
P02_B04,P02,bumpy,bumpy
P02_B04,P02,bumpy,bumpy
P02_B04,P02,bumpy,bumpy
P02_B04,P02,bumpy,bumpy
P02_B04,P02,bumpy,bumpy
P02_B04,P02,bumpy,bumpy
P02_B04,P02,bumpy,bumpy
P02_B04,P02,bumpy,bumpy
P02_B04,P02,bumpy,bumpy
P02_B04,P02,bumpy,bumpy
P02_B04,P02,bumpy,bumpy
P02_B04,P02,bumpy,bumpy
P02_B04,P02,bumpy,bumpy
P02_B04,P02,bumpy,bumpy
P02_B04,P02,bumpy,bumpy
P02_B04,P02,bumpy,bumpy
P02_B04,P02,bumpy,bumpy
P02_B04,P02,bumpy,bumpy
P02_B04,P02,bumpy,bumpy
P02_B04,P02,bumpy,bumpy
P02_B04,P02,bumpy,bumpy
P02_B04,P02,bumpy,bumpy
P02_B04,P02,bumpy,bumpy
P02_B04,P02,bumpy,bumpy
P02_B04,P02,bumpy,bumpy
P02_B04,P02,bumpy,bumpy
P02_B04,P02,bumpy,bumpy
P02_B04,P02,bumpy,bumpy
P02_B04,P02,bumpy,bumpy
P02_B04,P02,bumpy,bumpy
P02_B04,P02,bumpy,bumpy
P02_B04,P02,bumpy,bumpy
P02_S01,P02,smooth,bumpy
P02_S01,P02,smooth,bumpy
P02_S01,P02,smooth,bumpy
P02_S01,P02,smooth,smooth
P02_S01,P02,smooth,smooth
P02_S01,P02,smooth,smooth
P02_S01,P02,smooth,smooth
P02_S01,P02,smooth,smooth
P02_S01,P02,smooth,smooth
P02_S01,P02,smooth,smooth
P02_S01,P02,smooth,smooth
P02_S01,P02,smooth,smooth
P02_S01,P02,smooth,smooth
P02_S01,P02,smooth,smooth
P02_S01,P02,smooth,smooth
P02_S01,P02,smooth,smooth
P02_S01,P02,smooth,smooth
P02_S01,P02,smooth,smooth
P02_S01,P02,smooth,smooth
P02_S01,P02,smooth,smooth
P02_S01,P02,smooth,smooth
P02_S01,P02,smooth,smooth
P02_S01,P02,smooth,smooth
P02_S01,P02,smooth,smooth
P02_S01,P02,smooth,smooth
P02_S01,P02,smooth,smooth
P02_S01,P02,smooth,smooth
P02_S01,P02,smooth,smooth
P02_S01,P02,smooth,smooth
P02_S01,P02,smooth,smooth
P02_S01,P02,smooth,smooth
P02_S01,P02,smooth,smooth
P02_S01,P02,smooth,smooth
P02_S01,P02,smooth,smooth
P02_S01,P02,smooth,smooth
P02_S01,P02,smooth,smooth
P02_S01,P02,smooth,smooth
P02_S01,P02,smooth,smooth
P02_S01,P02,smooth,smooth
P02_S01,P02,smooth,smooth
P02_S01,P02,smooth,bumpy
P02_S01,P02,smooth,smooth
P02_S01,P02,smooth,smooth
P02_S01,P02,smooth,smooth
P02_S01,P02,smooth,smooth
P02_S01,P02,smooth,smooth
P02_S01,P02,smooth,smooth
P02_S01,P02,smooth,smooth
P02_S01,P02,smooth,smooth
P02_S01,P02,smooth,smooth
P02_S01,P02,smooth,bumpy
P02_S01,P02,smooth,smooth
P02_S01,P02,smooth,smooth
P02_S01,P02,smooth,smooth
P02_S01,P02,smooth,smooth
P02_S01,P02,smooth,smooth
P02_S01,P02,smooth,smooth
P02_S01,P02,smooth,smooth
P02_S01,P02,smooth,bumpy
P02_S01,P02,smooth,bumpy
P02_S02,P02,smooth,bumpy
P02_S02,P02,smooth,smooth
P02_S02,P02,smooth,smooth
P02_S02,P02,smooth,smooth
P02_S02,P02,smooth,smooth
P02_S02,P02,smooth,smooth
P02_S02,P02,smooth,smooth
P02_S02,P02,smooth,smooth
P02_S02,P02,smooth,smooth
P02_S02,P02,smooth,smooth
P02_S02,P02,smooth,smooth
P02_S02,P02,smooth,smooth
P02_S02,P02,smooth,smooth
P02_S02,P02,smooth,smooth
P02_S02,P02,smooth,smooth
P02_S02,P02,smooth,smooth
P02_S02,P02,smooth,smooth
P02_S02,P02,smooth,smooth
P02_S02,P02,smooth,smooth
P02_S02,P02,smooth,smooth
P02_S02,P02,smooth,smooth
P02_S02,P02,smooth,smooth
P02_S02,P02,smooth,smooth
P02_S02,P02,smooth,smooth
P02_S02,P02,smooth,smooth
P02_S02,P02,smooth,smooth
P02_S02,P02,smooth,smooth
P02_S02,P02,smooth,smooth
P02_S02,P02,smooth,smooth
P02_S02,P02,smooth,smooth
P02_S02,P02,smooth,smooth
P02_S02,P02,smooth,smooth
P02_S02,P02,smooth,bumpy
P02_S03,P02,smooth,bumpy
P02_S03,P02,smooth,smooth
P02_S03,P02,smooth,smooth
P02_S03,P02,smooth,smooth
P02_S03,P02,smooth,smooth
P02_S03,P02,smooth,smooth
P02_S03,P02,smooth,smooth
P02_S03,P02,smooth,smooth
P02_S03,P02,smooth,smooth
P02_S03,P02,smooth,smooth
P02_S03,P02,smooth,smooth
P02_S03,P02,smooth,smooth
P02_S03,P02,smooth,smooth
P02_S03,P02,smooth,smooth
P02_S03,P02,smooth,smooth
P02_S03,P02,smooth,smooth
P02_S03,P02,smooth,smooth
P02_S03,P02,smooth,smooth
P02_S03,P02,smooth,smooth
P02_S03,P02,smooth,smooth
P02_S03,P02,smooth,smooth
P02_S03,P02,smooth,smooth
P02_S03,P02,smooth,smooth
P02_S03,P02,smooth,smooth
P02_S03,P02,smooth,smooth
P02_S03,P02,smooth,smooth
P02_S03,P02,smooth,smooth
P02_S03,P02,smooth,smooth
P02_S03,P02,smooth,smooth
P02_S03,P02,smooth,smooth
P02_S03,P02,smooth,smooth
P02_S03,P02,smooth,smooth
P02_S03,P02,smooth,smooth
P02_S04,P02,smooth,bumpy
P02_S04,P02,smooth,bumpy
P02_S04,P02,smooth,bumpy
P02_S04,P02,smooth,smooth
P02_S04,P02,smooth,smooth
P02_S04,P02,smooth,bumpy
P02_S04,P02,smooth,bumpy
P02_S04,P02,smooth,smooth
P02_S04,P02,smooth,smooth
P02_S04,P02,smooth,smooth
P02_S04,P02,smooth,smooth
P02_S04,P02,smooth,smooth
P02_S04,P02,smooth,bumpy
P02_S04,P02,smooth,smooth
P02_S04,P02,smooth,bumpy
P02_S04,P02,smooth,bumpy
P02_S04,P02,smooth,bumpy
P02_S04,P02,smooth,bumpy
P02_S04,P02,smooth,bumpy
P02_S04,P02,smooth,bumpy
P02_S04,P02,smooth,bumpy
P02_S04,P02,smooth,bumpy
P02_S04,P02,smooth,bumpy
P02_S04,P02,smooth,bumpy
P02_S04,P02,smooth,bumpy
P02_S04,P02,smooth,bumpy
P02_S04,P02,smooth,smooth
P02_S04,P02,smooth,smooth
P02_S04,P02,smooth,smooth
P02_S04,P02,smooth,bumpy
P02_S04,P02,smooth,bumpy
P02_S04,P02,smooth,smooth
P02_S04,P02,smooth,bumpy
P02_S04,P02,smooth,smooth
P02_S04,P02,smooth,smooth
P02_S04,P02,smooth,smooth
P02_S04,P02,smooth,bumpy
P03_B01,P03,bumpy,bumpy
P03_B01,P03,bumpy,bumpy
P03_B01,P03,bumpy,bumpy
P03_B01,P03,bumpy,bumpy
P03_B01,P03,bumpy,bumpy
P03_B01,P03,bumpy,bumpy
P03_B01,P03,bumpy,bumpy
P03_B01,P03,bumpy,bumpy
P03_B01,P03,bumpy,bumpy
P03_B01,P03,bumpy,bumpy
P03_B01,P03,bumpy,bumpy
P03_B01,P03,bumpy,bumpy
P03_B01,P03,bumpy,bumpy
P03_B01,P03,bumpy,bumpy
P03_B01,P03,bumpy,bumpy
P03_B01,P03,bumpy,bumpy
P03_B01,P03,bumpy,bumpy
P03_B01,P03,bumpy,bumpy
P03_B01,P03,bumpy,bumpy
P03_B01,P03,bumpy,bumpy
P03_B01,P03,bumpy,bumpy
P03_B01,P03,bumpy,bumpy
P03_B01,P03,bumpy,bumpy
P03_B01,P03,bumpy,bumpy
P03_B01,P03,bumpy,bumpy
P03_B01,P03,bumpy,bumpy
P03_B01,P03,bumpy,bumpy
P03_B01,P03,bumpy,bumpy
P03_B01,P03,bumpy,bumpy
P03_B01,P03,bumpy,bumpy
P03_B01,P03,bumpy,bumpy
P03_B01,P03,bumpy,bumpy
P03_B01,P03,bumpy,bumpy
P03_B01,P03,bumpy,bumpy
P03_B01,P03,bumpy,bumpy
P03_B01,P03,bumpy,bumpy
P03_B01,P03,bumpy,bumpy
P03_B01,P03,bumpy,bumpy
P03_B01,P03,bumpy,bumpy
P03_B01,P03,bumpy,bumpy
P03_B01,P03,bumpy,bumpy
P03_B01,P03,bumpy,bumpy
P03_B01,P03,bumpy,bumpy
P03_B01,P03,bumpy,bumpy
P03_B01,P03,bumpy,bumpy
P03_B01,P03,bumpy,bumpy
P03_B01,P03,bumpy,bumpy
P03_B01,P03,bumpy,bumpy
P03_B01,P03,bumpy,bumpy
P03_B01,P03,bumpy,bumpy
P03_B01,P03,bumpy,bumpy
P03_B01,P03,bumpy,bumpy
P03_B01,P03,bumpy,bumpy
P03_B01,P03,bumpy,smooth
P03_B01,P03,bumpy,smooth
P03_B01,P03,bumpy,smooth
P03_B02,P03,bumpy,bumpy
P03_B02,P03,bumpy,bumpy
P03_B02,P03,bumpy,bumpy
P03_B02,P03,bumpy,bumpy
P03_B02,P03,bumpy,bumpy
P03_B02,P03,bumpy,bumpy
P03_B02,P03,bumpy,smooth
P03_B02,P03,bumpy,bumpy
P03_B02,P03,bumpy,smooth
P03_B02,P03,bumpy,bumpy
P03_B02,P03,bumpy,bumpy
P03_B02,P03,bumpy,bumpy
P03_B02,P03,bumpy,bumpy
P03_B02,P03,bumpy,bumpy
P03_B02,P03,bumpy,smooth
P03_B02,P03,bumpy,smooth
P03_B02,P03,bumpy,bumpy
P03_B02,P03,bumpy,bumpy
P03_B02,P03,bumpy,bumpy
P03_B02,P03,bumpy,bumpy
P03_B02,P03,bumpy,bumpy
P03_B02,P03,bumpy,bumpy
P03_B02,P03,bumpy,bumpy
P03_B02,P03,bumpy,bumpy
P03_B02,P03,bumpy,bumpy
P03_B02,P03,bumpy,bumpy
P03_B02,P03,bumpy,bumpy
P03_B02,P03,bumpy,bumpy
P03_B02,P03,bumpy,bumpy
P03_B02,P03,bumpy,bumpy
P03_B02,P03,bumpy,bumpy
P03_B02,P03,bumpy,bumpy
P03_B02,P03,bumpy,bumpy
P03_B02,P03,bumpy,bumpy
P03_B02,P03,bumpy,bumpy
P03_B02,P03,bumpy,bumpy
P03_B02,P03,bumpy,bumpy
P03_B02,P03,bumpy,smooth
P03_B02,P03,bumpy,bumpy
P03_B02,P03,bumpy,bumpy
P03_B02,P03,bumpy,bumpy
P03_B02,P03,bumpy,bumpy
P03_B02,P03,bumpy,bumpy
P03_B02,P03,bumpy,bumpy
P03_B02,P03,bumpy,bumpy
P03_B02,P03,bumpy,bumpy
P03_B02,P03,bumpy,bumpy
P03_B02,P03,bumpy,bumpy
P03_B02,P03,bumpy,smooth
P03_B02,P03,bumpy,smooth
P03_B03,P03,bumpy,smooth
P03_B03,P03,bumpy,bumpy
P03_B03,P03,bumpy,bumpy
P03_B03,P03,bumpy,bumpy
P03_B03,P03,bumpy,smooth
P03_B03,P03,bumpy,bumpy
P03_B03,P03,bumpy,bumpy
P03_B03,P03,bumpy,bumpy
P03_B03,P03,bumpy,bumpy
P03_B03,P03,bumpy,bumpy
P03_B03,P03,bumpy,bumpy
P03_B03,P03,bumpy,bumpy
P03_B03,P03,bumpy,bumpy
P03_B03,P03,bumpy,smooth
P03_B03,P03,bumpy,smooth
P03_B03,P03,bumpy,smooth
P03_B03,P03,bumpy,smooth
P03_B03,P03,bumpy,smooth
P03_B03,P03,bumpy,bumpy
P03_B03,P03,bumpy,bumpy
P03_B03,P03,bumpy,bumpy
P03_B03,P03,bumpy,bumpy
P03_B03,P03,bumpy,bumpy
P03_B03,P03,bumpy,bumpy
P03_B03,P03,bumpy,smooth
P03_B04,P03,bumpy,bumpy
P03_B04,P03,bumpy,bumpy
P03_B04,P03,bumpy,bumpy
P03_B04,P03,bumpy,bumpy
P03_B04,P03,bumpy,bumpy
P03_B04,P03,bumpy,bumpy
P03_B04,P03,bumpy,bumpy
P03_B04,P03,bumpy,bumpy
P03_B04,P03,bumpy,bumpy
P03_B04,P03,bumpy,bumpy
P03_B04,P03,bumpy,bumpy
P03_B04,P03,bumpy,bumpy
P03_B04,P03,bumpy,bumpy
P03_B04,P03,bumpy,bumpy
P03_B04,P03,bumpy,bumpy
P03_B04,P03,bumpy,bumpy
P03_B04,P03,bumpy,bumpy
P03_B04,P03,bumpy,bumpy
P03_B04,P03,bumpy,bumpy
P03_B04,P03,bumpy,bumpy
P03_B04,P03,bumpy,bumpy
P03_B04,P03,bumpy,bumpy
P03_B04,P03,bumpy,bumpy
P03_B04,P03,bumpy,bumpy
P03_B04,P03,bumpy,bumpy
P03_S01,P03,smooth,smooth
P03_S01,P03,smooth,smooth
P03_S01,P03,smooth,bumpy
P03_S01,P03,smooth,bumpy
P03_S01,P03,smooth,bumpy
P03_S01,P03,smooth,smooth
P03_S01,P03,smooth,smooth
P03_S01,P03,smooth,smooth
P03_S01,P03,smooth,smooth
P03_S01,P03,smooth,bumpy
P03_S01,P03,smooth,smooth
P03_S01,P03,smooth,smooth
P03_S01,P03,smooth,bumpy
P03_S01,P03,smooth,bumpy
P03_S01,P03,smooth,bumpy
P03_S01,P03,smooth,bumpy
P03_S01,P03,smooth,bumpy
P03_S01,P03,smooth,smooth
P03_S01,P03,smooth,bumpy
P03_S01,P03,smooth,smooth
P03_S01,P03,smooth,smooth
P03_S01,P03,smooth,smooth
P03_S01,P03,smooth,smooth
P03_S01,P03,smooth,smooth
P03_S01,P03,smooth,bumpy
P03_S01,P03,smooth,bumpy
P03_S01,P03,smooth,bumpy
P03_S01,P03,smooth,bumpy
P03_S01,P03,smooth,bumpy
P03_S01,P03,smooth,bumpy
P03_S01,P03,smooth,bumpy
P03_S01,P03,smooth,bumpy
P03_S01,P03,smooth,bumpy
P03_S01,P03,smooth,bumpy
P03_S01,P03,smooth,bumpy
P03_S01,P03,smooth,smooth
P03_S01,P03,smooth,smooth
P03_S02,P03,smooth,smooth
P03_S02,P03,smooth,smooth
P03_S02,P03,smooth,smooth
P03_S02,P03,smooth,bumpy
P03_S02,P03,smooth,smooth
P03_S02,P03,smooth,smooth
P03_S02,P03,smooth,smooth
P03_S02,P03,smooth,smooth
P03_S02,P03,smooth,smooth
P03_S02,P03,smooth,smooth
P03_S02,P03,smooth,smooth
P03_S02,P03,smooth,smooth
P03_S02,P03,smooth,smooth
P03_S02,P03,smooth,bumpy
P03_S02,P03,smooth,smooth
P03_S02,P03,smooth,smooth
P03_S02,P03,smooth,smooth
P03_S02,P03,smooth,bumpy
P03_S02,P03,smooth,smooth
P03_S02,P03,smooth,bumpy
P03_S02,P03,smooth,smooth
P03_S02,P03,smooth,bumpy
P03_S02,P03,smooth,bumpy
P03_S02,P03,smooth,smooth
P03_S02,P03,smooth,smooth
P03_S02,P03,smooth,smooth
P03_S02,P03,smooth,smooth
P03_S02,P03,smooth,smooth
P03_S02,P03,smooth,smooth
P03_S02,P03,smooth,smooth
P03_S02,P03,smooth,smooth
P03_S02,P03,smooth,smooth
P03_S02,P03,smooth,smooth
P03_S03,P03,smooth,smooth
P03_S03,P03,smooth,smooth
P03_S03,P03,smooth,smooth
P03_S03,P03,smooth,smooth
P03_S03,P03,smooth,smooth
P03_S03,P03,smooth,smooth
P03_S03,P03,smooth,smooth
P03_S03,P03,smooth,smooth
P03_S03,P03,smooth,smooth
P03_S03,P03,smooth,smooth
P03_S03,P03,smooth,smooth
P03_S03,P03,smooth,bumpy
P03_S03,P03,smooth,smooth
P03_S03,P03,smooth,bumpy
P03_S03,P03,smooth,bumpy
P03_S03,P03,smooth,smooth
P03_S03,P03,smooth,bumpy
P03_S03,P03,smooth,bumpy
P03_S03,P03,smooth,bumpy
P03_S03,P03,smooth,smooth
P03_S03,P03,smooth,smooth
P03_S03,P03,smooth,smooth
P03_S03,P03,smooth,smooth
P03_S03,P03,smooth,smooth
P03_S03,P03,smooth,smooth
P03_S04,P03,smooth,smooth
P03_S04,P03,smooth,smooth
P03_S04,P03,smooth,smooth
P03_S04,P03,smooth,smooth
P03_S04,P03,smooth,smooth
P03_S04,P03,smooth,smooth
P03_S04,P03,smooth,bumpy
P03_S04,P03,smooth,smooth
P03_S04,P03,smooth,smooth
P03_S04,P03,smooth,smooth
P03_S04,P03,smooth,smooth
P03_S04,P03,smooth,smooth
P03_S04,P03,smooth,bumpy
P03_S04,P03,smooth,bumpy
P03_S04,P03,smooth,smooth
P03_S04,P03,smooth,smooth
P03_S04,P03,smooth,smooth
P03_S04,P03,smooth,smooth
P03_S04,P03,smooth,smooth
P03_S04,P03,smooth,bumpy
P03_S04,P03,smooth,bumpy
P03_S04,P03,smooth,smooth
P03_S04,P03,smooth,smooth
P03_S04,P03,smooth,smooth
P03_S04,P03,smooth,smooth
P03_S04,P03,smooth,bumpy
P03_S04,P03,smooth,smooth
