recording_id,participant,label,frac_bumpy,n_windows,pred_label
P01_B01,P01,bumpy,0.4074074074074074,27,smooth
P01_B02,P01,bumpy,0.9333333333333333,15,bumpy
P01_B03,P01,bumpy,0.8125,16,bumpy
P01_B04,P01,bumpy,0.5263157894736842,19,bumpy
P01_B05,P01,bumpy,0.5909090909090909,22,bumpy
P01_B06,P01,bumpy,0.36363636363636365,11,smooth
P01_S01,P01,smooth,0.0,13,smooth
P01_S02,P01,smooth,0.0,19,smooth
P01_S03,P01,smooth,0.0,24,smooth
P01_S04,P01,smooth,0.0,32,smooth
P02_B01,P02,bumpy,1.0,34,bumpy
P02_B02,P02,bumpy,1.0,30,bumpy
P02_B03,P02,bumpy,1.0,31,bumpy
P02_B04,P02,bumpy,1.0,34,bumpy
P02_S01,P02,smooth,0.11666666666666667,60,smooth
P02_S02,P02,smooth,0.06060606060606061,33,smooth
P02_S03,P02,smooth,0.030303030303030304,33,smooth
P02_S04,P02,smooth,0.5945945945945946,37,bumpy
P03_B01,P03,bumpy,0.9464285714285714,56,bumpy
P03_B02,P03,bumpy,0.86,50,bumpy
P03_B03,P03,bumpy,0.68,25,bumpy
P03_B04,P03,bumpy,1.0,25,bumpy
P03_S01,P03,smooth,0.5675675675675675,37,bumpy
P03_S02,P03,smooth,0.18181818181818182,33,smooth
P03_S03,P03,smooth,0.24,25,smooth
P03_S04,P03,smooth,0.2222222222222222,27,smooth
