split,model,accuracy_mean,accuracy_std,accuracy_min,balanced_accuracy_mean,balanced_accuracy_std,balanced_accuracy_min,precision_mean,precision_std,precision_min,recall_mean,recall_std,recall_min,specificity_mean,specificity_std,specificity_min,f1_mean,f1_std,f1_min,recording accuracy,n recordings,misclassified recordings,model only right,baseline only right,p-value,family,kind,rank_lopo
grouped folds,full-depth tree,0.8871052527637773,0.07499976540960046,0.8082191780821918,0.8755739603533721,0.0802836176779302,0.8092006033182504,0.8645502645502645,0.07993446547310584,0.7777777777777778,0.9354656862745098,0.07706981473776849,0.8235294117647058,0.8156822344322344,0.11601990388861799,0.7142857142857143,0.8982821020122569,0.07601659695076479,0.7999999999999999,0.8846153846153846,26,"P03_B03, P03_S03, P03_S04",2.0,26.0,3.032386302947998e-06,decision tree,supervised,1
grouped folds,baseline: threshold on vertbp_madiff,0.9631951762088748,0.05793471037857245,0.8767123287671232,0.9631223066149537,0.061300475827465555,0.8714177978883861,0.9756157635467981,0.03263027811384478,0.9310344827586208,0.9435294117647058,0.10005304244921724,0.7941176470588235,0.9827152014652015,0.024177601846619996,0.9487179487179488,0.9581372733546647,0.06760247049041183,0.8571428571428571,0.9615384615384616,26,P03_B03,,,,baseline,baseline,2
grouped folds,"tree, depth by inner CV",0.9336375357418434,0.0843551214271315,0.8082191780821918,0.9373596746390864,0.08587377460429556,0.8092006033182504,0.9373015873015873,0.1071986920946225,0.7777777777777778,0.9304656862745098,0.07558195658163014,0.8235294117647058,0.944253663003663,0.09994305334556398,0.7948717948717948,0.9333257038951461,0.08913924943728914,0.7999999999999999,0.9615384615384616,26,P03_B03,1.0,10.0,0.01171875,decision tree,supervised,3
grouped folds,stump (depth 1),0.9336375357418434,0.0843551214271315,0.8082191780821918,0.9373596746390864,0.08587377460429556,0.8092006033182504,0.9373015873015873,0.1071986920946225,0.7777777777777778,0.9304656862745098,0.07558195658163014,0.8235294117647058,0.944253663003663,0.09994305334556398,0.7948717948717948,0.9333257038951461,0.08913924943728914,0.7999999999999999,0.9615384615384616,26,P03_B03,1.0,10.0,0.01171875,decision tree,supervised,4
grouped folds,"k-means, top-5 Fisher",0.9599635986869854,0.06486449666235136,0.863013698630137,0.9602843541262659,0.06669329274349065,0.8604826546003017,0.9616071428571429,0.059288224272742114,0.875,0.9506740196078431,0.08533011762814414,0.8235294117647058,0.9698946886446886,0.049033844089564634,0.8974358974358975,0.9558664447680466,0.07184845528539903,0.8484848484848485,0.9615384615384616,26,P03_B03,2.0,3.0,1.0,k-means,unsupervised,5
grouped folds,"logistic regression, top-24 MI",0.9450608389384526,0.03470405425293443,0.9052631578947368,0.9443434026420775,0.04197459740835254,0.8904532967032968,0.9548252734107998,0.05755718915698414,0.8736842105263158,0.9266613111242267,0.07970307886122094,0.8076923076923077,0.9620254941599281,0.05133840085426446,0.8867924528301887,0.9383404323421973,0.04976164353178846,0.875,0.9615384615384616,26,P03_B03,416.0,115.0,5.234628264180356e-41,logistic regression,supervised,6
grouped folds,"Gustafson-Kessel, top-1 MI",0.9409453522927925,0.03517520739046999,0.9052631578947368,0.9365239060747657,0.03904489523873651,0.8923992673992673,0.9428233574131406,0.042056151145928866,0.8888888888888888,0.9296642402780511,0.07493841581126742,0.8205128205128205,0.9433835718714805,0.0393147911713655,0.9056603773584906,0.9349807307068279,0.04916118105237321,0.8767123287671232,0.9615384615384616,26,P03_B03,414.0,118.0,1.5187952391526318e-39,Gustafson-Kessel,unsupervised,7
grouped folds,"k-means, 2D: vertbp_madiff + horiz_madiff",0.9633882562212319,0.05804247435315488,0.8767123287671232,0.9625467975651799,0.06217996486650224,0.8695324283559578,0.9835978835978836,0.019252280845143174,0.9629629629629628,0.9359681372549019,0.11459643943080937,0.7647058823529411,0.9891254578754579,0.012952697032798156,0.9743589743589745,0.9568599867451951,0.06986878678583555,0.8524590163934426,0.9615384615384616,26,P03_B03,3.0,3.0,1.0,k-means,unsupervised,8
grouped folds,"forest, tuned by inner CV",0.9380540426546369,0.07532579852187307,0.8356164383561644,0.9355456124757595,0.07759832765979793,0.8329562594268476,0.9297561813186814,0.07009321153305753,0.84375,0.9433210784313726,0.09995260615185325,0.7941176470588235,0.9277701465201466,0.0736998163261743,0.8571428571428571,0.9359222661396575,0.08255113009633137,0.8181818181818182,0.9615384615384616,26,P03_B03,1.0,9.0,0.021484375,random forest,supervised,9
grouped folds,default forest,0.941066090847408,0.07501458361110515,0.8356164383561644,0.9391170410471881,0.07685631864372258,0.8329562594268476,0.934186799719888,0.0684503710876106,0.84375,0.9433210784313726,0.09995260615185325,0.7941176470588235,0.9349130036630037,0.06550162484045975,0.8717948717948718,0.9382960035133948,0.08284346392261654,0.8181818181818182,0.9615384615384616,26,P03_B03,1.0,8.0,0.0390625,random forest,supervised,10
grouped folds,"GMM (EM), top-2 MI",0.889827140088852,0.05649026490551863,0.8272251308900523,0.8817916654966151,0.057913563879785364,0.8267124112194535,0.8439186391420598,0.0945389691657242,0.7203389830508474,0.9668431809736158,0.054969011262390316,0.8846153846153846,0.7967401500196145,0.14062610445311793,0.6619718309859155,0.89771980964613,0.05325001708782405,0.8374384236453203,0.9230769230769231,26,"P02_S02, P02_S04",371.0,112.0,1.939818244845248e-33,GMM,unsupervised,11
grouped folds,"KNN, k by inner CV",0.9196929269589775,0.12999226959308205,0.726027397260274,0.9196516106442577,0.1275165198114967,0.7303921568627451,0.8969012605042017,0.14987120448413815,0.675,0.9485294117647058,0.10294117647058824,0.7941176470588235,0.8907738095238096,0.15389984264002954,0.6666666666666666,0.9212334864508778,0.12826753020978918,0.7297297297297296,0.9230769230769231,26,"P03_B03, P03_S01",1.0,14.0,0.0009765625,k-nearest neighbours,supervised,12
grouped folds,"hierarchical (complete linkage), top-13 MI",0.5532778914388667,0.2857412779734373,0.3776595744680851,0.6202510351966875,0.2405020703933748,0.5,0.6155676454259402,0.32572133519978946,0.4105263157894737,0.7434782608695651,0.49580470574429325,0.0,0.49702380952380953,0.573934238571007,0.0,0.7268292405250635,0.22202551988766728,0.582089552238806,0.6538461538461539,26,"P01_B01, P01_S02, P01_S04, P02_B01, P02_S01, P02_S04, P03_B01, P03_S01, P03_S02",225.0,193.0,0.12935452052384858,hierarchical,unsupervised,13
grouped folds,"k-means, all kept (49)",0.7214051499288336,0.1815857311339224,0.5641025641025641,0.7106754336349924,0.1915068326821676,0.5309873949579832,0.708461734045258,0.20776992785192977,0.4347826086956521,0.654203431372549,0.30656414499284507,0.2941176470588235,0.767147435897436,0.1120315706425961,0.6428571428571429,0.6731224517550798,0.2590457385916489,0.3508771929824562,0.7307692307692307,26,"P01_B02, P01_B03, P01_B05, P02_B01, P02_B03, P03_S02, P03_S03",5.0,85.0,7.532842063484042e-20,k-means,unsupervised,14
grouped folds,"DBSCAN, PCA 95% (eps=4, min_samples=5)",0.5655834084493929,0.1200661104352344,0.410958904109589,0.6259191176470589,0.13331536652664538,0.4411764705882353,0.7205377574370709,0.32273610551529985,0.4347826086956521,0.6893382352941176,0.29912255138941235,0.375,0.5625,0.5153882032022076,0.0,0.6032068255369226,0.05168654151992786,0.5454545454545454,0.6153846153846154,26,"P01_B04, P01_B05, P01_B06, P01_S02, P01_S04, P02_B01, P02_B04, P02_S01, P02_S04, P03_S01",3.0,132.0,1.8834358236050102e-35,DBSCAN,unsupervised,15
leave-one-participant-out,full-depth tree,0.9590277777777777,0.04660027519391009,0.9083333333333332,0.9635093167701863,0.04027882999597758,0.9202898550724636,0.9827586206896552,0.02986294495808403,0.9482758620689656,0.9409075224292615,0.08734398563195712,0.8405797101449275,0.9861111111111112,0.024056261216234394,0.9583333333333334,0.959432702491136,0.043566306752262245,0.9133858267716536,0.9615384615384616,26,P03_B03,4.0,4.0,1.0,decision tree,supervised,1
leave-one-participant-out,baseline: threshold on vertbp_madiff,0.957766812865497,0.02705470362743269,0.9333333333333332,0.9627223989631201,0.023201422527949586,0.9420289855072465,0.967741935483871,0.05587260669577032,0.9032258064516128,0.9532225757040179,0.061127145408556634,0.8840579710144928,0.9722222222222222,0.04811252243246882,0.9166666666666666,0.958422800607358,0.025873456069219793,0.9384615384615386,0.9615384615384616,26,P03_B03,,,,baseline,baseline,2
leave-one-participant-out,"tree, depth by inner CV",0.9569444444444444,0.037345360165968775,0.9333333333333332,0.9621578099838969,0.032794544048979545,0.9420289855072465,0.9583333333333334,0.07216878364870322,0.875,0.9613526570048309,0.066939161645174,0.8840579710144928,0.9629629629629629,0.06415002990995845,0.8888888888888888,0.9572649572649573,0.03709834942600116,0.9333333333333332,0.9615384615384616,26,P03_B03,1.0,2.0,1.0,decision tree,supervised,3
leave-one-participant-out,stump (depth 1),0.9481725146198831,0.022191783362192973,0.9333333333333332,0.9540277286830839,0.018729563287988065,0.9420289855072465,0.9583333333333334,0.07216878364870322,0.875,0.945092494403205,0.05821334710859612,0.8840579710144928,0.9629629629629629,0.06415002990995845,0.8888888888888888,0.948931623931624,0.022721020995786007,0.9333333333333332,0.9615384615384616,26,P03_B03,0.0,3.0,0.25,decision tree,supervised,4
leave-one-participant-out,"k-means, top-5 Fisher",0.9475603070175439,0.0023496338502301908,0.9453125,0.9530433800714819,0.003013537526454255,0.951219512195122,0.9629629629629629,0.06415002990995845,0.8888888888888888,0.9384941675503713,0.05352886305036669,0.902439024390244,0.9675925925925926,0.0561312761712136,0.9027777777777778,0.9481466246172129,0.006702778635249519,0.9411764705882352,0.9615384615384616,26,P03_B03,2.0,4.0,0.6875,k-means,unsupervised,5
leave-one-participant-out,"logistic regression, top-24 MI",0.9409433847691461,0.04002991357521656,0.9064748201438848,0.9469291257760534,0.03601594498521011,0.9157734342160572,0.9527320181682598,0.07540494750230975,0.8657718120805369,0.9374902874902875,0.08574242300933274,0.8397435897435898,0.956367964061819,0.06859687313629895,0.8773006134969326,0.94131829712881,0.03991424173843914,0.9097222222222224,0.9615384615384616,26,P03_B03,412.0,116.0,7.208020779011346e-40,logistic regression,supervised,6
leave-one-participant-out,"Gustafson-Kessel, top-1 MI",0.9406890427881853,0.025679098570483873,0.920863309352518,0.9454944482769364,0.024326668359819944,0.9259142496847416,0.9475264284117403,0.06796715507342929,0.8707482993197279,0.940772664028478,0.05396886436961001,0.8846153846153846,0.9502162325253948,0.06011228112564866,0.8834355828220859,0.9418911151169277,0.026051583288426553,0.9261744966442952,0.9615384615384616,26,P03_B03,416.0,119.0,1.4091894239718657e-39,Gustafson-Kessel,unsupervised,7
leave-one-participant-out,"k-means, 2D: vertbp_madiff + horiz_madiff",0.9392635233918128,0.03471585790203736,0.9078947368421052,0.9452765995051254,0.032388605903776096,0.9146341463414632,0.9830508474576272,0.029356793348625034,0.9491525423728814,0.9044420878991399,0.0871720318492457,0.8292682926829268,0.9861111111111112,0.024056261216234394,0.9583333333333334,0.9396804162021555,0.03363975394948136,0.9066666666666668,0.9230769230769231,26,"P01_B04, P03_B03",4.0,7.0,0.548828125,k-means,unsupervised,8
leave-one-participant-out,"forest, tuned by inner CV",0.9359740497076023,0.023344198029843118,0.9140625,0.943018243588233,0.019920192899847245,0.9236111111111112,0.9452736318407959,0.09478885016546096,0.835820895522388,0.936962413102392,0.05863146756750975,0.8840579710144928,0.9490740740740741,0.08820629112619285,0.8472222222222222,0.9370186535360973,0.02575843248811551,0.9105691056910568,0.9615384615384616,26,P03_B03,0.0,7.0,0.015625,random forest,supervised,9
leave-one-participant-out,default forest,0.915140716374269,0.05671425545411846,0.8515625,0.9244997250697145,0.05003793257156051,0.8680555555555556,0.9155555555555556,0.14626206819470516,0.7466666666666667,0.936962413102392,0.05863146756750975,0.8840579710144928,0.9120370370370371,0.1523563210361512,0.7361111111111112,0.9184828956594346,0.056258395363183035,0.8549618320610688,0.9230769230769231,26,"P02_S02, P03_B03",0.0,15.0,6.103515625e-05,random forest,supervised,10
leave-one-participant-out,"GMM (EM), top-2 MI",0.9096943283895093,0.08424618170766798,0.821917808219178,0.9162498717436866,0.07521517802534476,0.8404907975460123,0.8824492350654197,0.15058963664557312,0.712707182320442,0.9661616161616161,0.043817315609583844,0.9166666666666666,0.8663381273257569,0.16567268645656674,0.6809815950920245,0.9162166985438649,0.07969620254022014,0.832258064516129,0.9615384615384616,26,P02_S02,383.0,115.0,1.1062716860159328e-34,GMM,unsupervised,11
leave-one-participant-out,"KNN, k by inner CV",0.8526133040935674,0.06191555798400266,0.8026315789473685,0.8530743097286045,0.06715662560984954,0.8115942028985508,0.8812218571254716,0.10626155405346528,0.7951807228915663,0.8635560268646166,0.1998604328249323,0.6341463414634146,0.8425925925925926,0.16743649370393635,0.6666666666666666,0.8541910808339664,0.07201889478130019,0.7761194029850745,0.8846153846153846,26,"P01_B01, P01_B05, P01_B06",5.0,35.0,1.382612026645802e-06,k-nearest neighbours,supervised,12
leave-one-participant-out,"hierarchical (complete linkage), top-13 MI",0.7453213021114863,0.27009490934337477,0.4388489208633093,0.7714633854596759,0.23909545969642385,0.5,0.9595588235294118,0.057192460243029535,0.9191176470588236,0.5654216584449142,0.5043642736768721,0.0,0.9775051124744376,0.038962288104821406,0.9325153374233128,0.8927507447864946,0.07162352699208319,0.8421052631578948,0.8076923076923077,26,"P01_B06, P03_B01, P03_B02, P03_B03, P03_B04",290.0,142.0,9.172254340527817e-13,hierarchical,unsupervised,13
leave-one-participant-out,"k-means, all kept (49)",0.7170504385964912,0.22673043872114387,0.4605263157894737,0.7145580454403984,0.19439737276823468,0.5,0.8492286115007013,0.1517353962433966,0.7419354838709677,0.5952380952380952,0.5265081997022852,0.0,0.8338779956427015,0.2640410300885495,0.5294117647058824,0.8572984749455337,0.007702688248219379,0.8518518518518519,0.6538461538461539,26,"P01_B01, P01_B02, P01_B03, P01_B04, P01_B05, P01_B06, P02_B02, P03_S01, P03_S04",12.0,76.0,1.567340030469408e-12,k-means,unsupervised,14
leave-one-participant-out,"DBSCAN, PCA 95% (eps=4, min_samples=5)",0.3939601608187135,0.08992067253529853,0.2916666666666667,0.4083605664488017,0.08169968681846293,0.3431372549019608,0.0,0.0,0.0,0.0,0.0,0.0,0.8167211328976034,0.16339937363692586,0.6862745098039216,,,,0.38461538461538464,26,"P01_B01, P01_B02, P01_B03, P01_B04, P01_B05, P01_B06, P02_B01, P02_B02, P02_B03, P02_B04, P02_S02, P03_B01, P03_B02, P03_B03, P03_B04, P03_S01",4.0,188.0,1.7858652404507253e-50,DBSCAN,unsupervised,15
