split,model,accuracy_mean,accuracy_min,balanced_accuracy_mean,balanced_accuracy_min,precision_mean,precision_min,recall_mean,recall_min,specificity_mean,specificity_min,f1_mean,f1_min
grouped folds,baseline: threshold on vertbp_madiff,0.9552941176470588,0.8933333333333333,0.9525788618530554,0.875733137829912,0.9614285714285714,0.8857142857142857,0.937866568914956,0.7741935483870968,0.9672911547911548,0.8918918918918919,0.9462606359158083,0.8571428571428571
grouped folds,default forest,0.9257798573975045,0.88,0.9191806994226349,0.8596041055718475,0.9208034290271132,0.8157894736842105,0.9298020527859238,0.7419354838709677,0.9085593460593461,0.8108108108108109,0.9189502651271766,0.8363636363636364
grouped folds,"forest, tuned by inner CV",0.93301247771836,0.8823529411764706,0.9294499637241573,0.875733137829912,0.9268131868131868,0.7948717948717948,0.937866568914956,0.7741935483870968,0.9210333585333585,0.7837837837837838,0.9267431615202851,0.8571428571428571
grouped folds,full-depth tree,0.867994652406417,0.7647058823529411,0.8592981234110266,0.7785527462946817,0.8593260349661884,0.6744186046511628,0.9023093841642229,0.7419354838709677,0.8162868626578303,0.6216216216216216,0.8705540964161654,0.7837837837837838
grouped folds,stump (depth 1),0.9192156862745098,0.8235294117647058,0.9186786676706031,0.8378378378378378,0.9198158914728682,0.7209302325581395,0.9241202346041055,0.7419354838709677,0.9132371007371007,0.6756756756756757,0.9127364150619965,0.8363636363636364
leave-one-participant-out,baseline: threshold on vertbp_madiff,0.9639724193942709,0.9514563106796117,0.9676974774487493,0.9568965517241379,0.9691358024691358,0.9074074074074074,0.9627173592690834,0.9137931034482759,0.9726775956284154,0.9180327868852459,0.9644747508825179,0.9514563106796117
leave-one-participant-out,default forest,0.9134111524101952,0.8363636363636363,0.9221577210554034,0.8524590163934427,0.9104477611940299,0.7313432835820896,0.9426760978485116,0.8793103448275862,0.9016393442622951,0.7049180327868853,0.9180972044156578,0.8448275862068965
leave-one-participant-out,"forest, tuned by inner CV",0.908716316729444,0.8363636363636363,0.9178842167818991,0.8524590163934427,0.9104477611940299,0.7313432835820896,0.9341290893015031,0.8793103448275862,0.9016393442622951,0.7049180327868853,0.913535800906886,0.8448275862068965
leave-one-participant-out,full-depth tree,0.9055728901209553,0.8181818181818182,0.9110689155912445,0.8360655737704918,0.8751330549414558,0.7101449275362319,0.968464485705865,0.9310344827586207,0.8536733454766242,0.6721311475409836,0.913532794888727,0.8305084745762712
leave-one-participant-out,stump (depth 1),0.9088091360756478,0.8181818181818182,0.9180931812362,0.8360655737704918,0.9033816425120773,0.7101449275362319,0.9454759799587386,0.8620689655172413,0.8907103825136612,0.6721311475409836,0.9144824625050614,0.8305084745762712
