split,model,held_out,n,tp,fp,tn,fn,accuracy,balanced_accuracy,precision,recall,specificity,f1
grouped folds,"tree, depth by inner CV",fold 0,75,42,0,31,2,0.9733333333333334,0.9772727272727273,1.0,0.9545454545454546,1.0,0.9767441860465117
grouped folds,"tree, depth by inner CV",fold 1,66,38,7,19,2,0.8636363636363636,0.8403846153846153,0.8444444444444444,0.95,0.7307692307692307,0.8941176470588236
grouped folds,"tree, depth by inner CV",fold 2,75,23,1,43,8,0.88,0.8596041055718475,0.9583333333333334,0.7419354838709677,0.9772727272727273,0.8363636363636364
grouped folds,"tree, depth by inner CV",fold 3,68,31,12,25,0,0.8235294117647058,0.8378378378378378,0.7209302325581395,1.0,0.6756756756756757,0.8378378378378378
grouped folds,stump (depth 1),fold 0,75,42,0,31,2,0.9733333333333334,0.9772727272727273,1.0,0.9545454545454546,1.0,0.9767441860465117
grouped folds,stump (depth 1),fold 1,66,40,0,26,0,1.0,1.0,1.0,1.0,1.0,1.0
grouped folds,stump (depth 1),fold 2,75,23,1,43,8,0.88,0.8596041055718475,0.9583333333333334,0.7419354838709677,0.9772727272727273,0.8363636363636364
grouped folds,stump (depth 1),fold 3,68,31,12,25,0,0.8235294117647058,0.8378378378378378,0.7209302325581395,1.0,0.6756756756756757,0.8378378378378378
grouped folds,full-depth tree,fold 0,75,41,2,29,3,0.9333333333333333,0.9336510263929618,0.9534883720930233,0.9318181818181818,0.9354838709677419,0.942528735632184
grouped folds,full-depth tree,fold 1,66,40,7,19,0,0.8939393939393939,0.8653846153846154,0.851063829787234,1.0,0.7307692307692307,0.9195402298850576
grouped folds,full-depth tree,fold 2,75,23,1,43,8,0.88,0.8596041055718475,0.9583333333333334,0.7419354838709677,0.9772727272727273,0.8363636363636364
grouped folds,full-depth tree,fold 3,68,29,14,23,2,0.7647058823529411,0.7785527462946817,0.6744186046511628,0.9354838709677419,0.6216216216216216,0.7837837837837838
grouped folds,baseline: threshold on vertbp_madiff,fold 0,75,43,0,31,1,0.9866666666666667,0.9886363636363636,1.0,0.9772727272727273,1.0,0.9885057471264368
grouped folds,baseline: threshold on vertbp_madiff,fold 1,66,40,0,26,0,1.0,1.0,1.0,1.0,1.0,1.0
grouped folds,baseline: threshold on vertbp_madiff,fold 2,75,24,1,43,7,0.8933333333333333,0.875733137829912,0.96,0.7741935483870968,0.9772727272727273,0.8571428571428571
grouped folds,baseline: threshold on vertbp_madiff,fold 3,68,31,4,33,0,0.9411764705882353,0.9459459459459459,0.8857142857142857,1.0,0.8918918918918919,0.9393939393939393
leave-one-participant-out,"tree, depth by inner CV",P01,71,38,0,32,1,0.9859154929577465,0.9871794871794872,1.0,0.9743589743589743,1.0,0.9870129870129869
leave-one-participant-out,"tree, depth by inner CV",P02,110,49,20,41,0,0.8181818181818182,0.8360655737704918,0.7101449275362319,1.0,0.6721311475409836,0.8305084745762712
leave-one-participant-out,"tree, depth by inner CV",P03,103,50,0,45,8,0.9223300970873787,0.9310344827586207,1.0,0.8620689655172413,1.0,0.9259259259259259
leave-one-participant-out,stump (depth 1),P01,71,38,0,32,1,0.9859154929577465,0.9871794871794872,1.0,0.9743589743589743,1.0,0.9870129870129869
leave-one-participant-out,stump (depth 1),P02,110,49,20,41,0,0.8181818181818182,0.8360655737704918,0.7101449275362319,1.0,0.6721311475409836,0.8305084745762712
leave-one-participant-out,stump (depth 1),P03,103,50,0,45,8,0.9223300970873787,0.9310344827586207,1.0,0.8620689655172413,1.0,0.9259259259259259
leave-one-participant-out,full-depth tree,P01,71,38,0,32,1,0.9859154929577465,0.9871794871794872,1.0,0.9743589743589743,1.0,0.9870129870129869
leave-one-participant-out,full-depth tree,P02,110,49,20,41,0,0.8181818181818182,0.8360655737704918,0.7101449275362319,1.0,0.6721311475409836,0.8305084745762712
leave-one-participant-out,full-depth tree,P03,103,54,5,40,4,0.912621359223301,0.9099616858237547,0.9152542372881356,0.9310344827586207,0.8888888888888888,0.923076923076923
leave-one-participant-out,baseline: threshold on vertbp_madiff,P01,71,38,0,32,1,0.9859154929577465,0.9871794871794872,1.0,0.9743589743589743,1.0,0.9870129870129869
leave-one-participant-out,baseline: threshold on vertbp_madiff,P02,110,49,5,56,0,0.9545454545454546,0.959016393442623,0.9074074074074074,1.0,0.9180327868852459,0.9514563106796117
leave-one-participant-out,baseline: threshold on vertbp_madiff,P03,103,53,0,45,5,0.9514563106796117,0.9568965517241379,1.0,0.9137931034482759,1.0,0.9549549549549551
