window_id,t_start,t_end,prediction
deployment_W000,5.059439697265625,13.059439697265624,smooth
deployment_W001,9.080189453125,17.080189453125,smooth
deployment_W002,13.10091357421875,21.10091357421875,smooth
deployment_W003,17.12160546875,25.12160546875,smooth
deployment_W004,21.14226904296875,29.14226904296875,smooth
deployment_W005,25.162912353515622,33.16291235351562,smooth
deployment_W006,29.18353369140625,37.183533691406254,smooth
deployment_W007,33.2041337890625,41.2041337890625,smooth
deployment_W008,37.22470727539063,45.22470727539063,smooth
deployment_W009,41.24526611328125,49.24526611328125,smooth
deployment_W010,45.2658720703125,53.2658720703125,smooth
deployment_W011,49.28648706054688,57.28648706054688,smooth
deployment_W012,53.307064453125,61.307064453125,smooth
deployment_W013,57.3276171875,65.32761718750001,smooth
deployment_W014,61.3481611328125,69.34816113281249,smooth
deployment_W015,65.36867602539063,73.36867602539063,smooth
deployment_W016,69.38918725585937,77.38918725585937,smooth
deployment_W017,73.40968872070313,81.40968872070313,smooth
deployment_W018,77.4301884765625,85.4301884765625,smooth
deployment_W019,81.45067846679687,89.45067846679687,smooth
deployment_W020,85.47117333984374,93.47117333984374,smooth
deployment_W021,89.49167260742188,97.49167260742188,smooth
deployment_W022,93.5121806640625,101.5121806640625,smooth
deployment_W023,97.53276611328126,105.53276611328126,smooth
deployment_W024,101.55337329101565,109.55337329101565,smooth
deployment_W025,105.57400439453124,113.57400439453124,smooth
deployment_W026,109.59461083984375,117.59461083984375,smooth
deployment_W027,113.61524755859377,121.61524755859377,smooth
deployment_W028,117.63588818359376,125.63588818359376,smooth
deployment_W029,121.65650268554688,129.65650268554688,smooth
deployment_W030,125.67709887695312,133.67709887695312,smooth
deployment_W031,129.6976765136719,137.6976765136719,smooth
deployment_W032,133.7182421875,141.7182421875,smooth
deployment_W033,137.73879956054688,145.73879956054688,smooth
deployment_W034,141.7593278808594,149.7593278808594,smooth
deployment_W035,145.77982763671875,153.77982763671875,smooth
deployment_W036,149.800310546875,157.800310546875,smooth
deployment_W037,153.82081860351562,161.82081860351562,smooth
deployment_W038,157.84132397460937,165.84132397460937,smooth
deployment_W039,161.86182836914062,169.86182836914062,smooth
deployment_W040,165.88233081054688,173.88233081054688,smooth
deployment_W041,169.90282104492186,177.90282104492186,smooth
deployment_W042,173.9233037109375,181.9233037109375,smooth
deployment_W043,177.94376708984376,185.94376708984376,smooth
deployment_W044,181.9642314453125,189.9642314453125,smooth
deployment_W045,185.98469555664065,193.98469555664065,smooth
deployment_W046,190.0051572265625,198.0051572265625,smooth
deployment_W047,194.0256225585937,202.0256225585937,smooth
deployment_W048,198.0460869140625,206.0460869140625,smooth
deployment_W049,202.0665463867188,210.0665463867188,smooth
deployment_W050,206.08699487304688,214.08699487304688,smooth
deployment_W051,210.1074396972656,218.1074396972656,smooth
deployment_W052,214.12789892578124,222.12789892578124,smooth
deployment_W053,218.14834448242183,226.14834448242183,smooth
deployment_W054,222.16879296875,230.16879296875,smooth
deployment_W055,226.18923413085935,234.18923413085935,smooth
deployment_W056,230.20965991210937,238.20965991210937,smooth
deployment_W057,234.230078125,242.230078125,smooth
deployment_W058,238.25049169921877,246.25049169921877,smooth
deployment_W059,242.27091528320312,250.27091528320312,smooth
deployment_W060,246.29136303710936,254.29136303710936,bumpy
deployment_W061,250.31181079101563,258.31181079101566,smooth
deployment_W062,254.3322553710937,262.3322553710937,smooth
deployment_W063,258.35269921875,266.35269921875,smooth
deployment_W064,262.37314111328124,270.37314111328124,smooth
deployment_W065,266.3936086425781,274.3936086425781,smooth
deployment_W066,270.4141010742188,278.4141010742188,smooth
deployment_W067,274.43459228515627,282.43459228515627,smooth
deployment_W068,278.4550769042969,286.4550769042969,smooth
deployment_W069,282.4755661621094,290.4755661621094,smooth
deployment_W070,286.49604907226563,294.49604907226563,smooth
deployment_W071,290.5165278320313,298.5165278320313,smooth
deployment_W072,294.536970703125,302.536970703125,smooth
deployment_W073,298.5573876953125,306.5573876953125,smooth
deployment_W074,302.5778134765625,310.5778134765625,smooth
deployment_W075,306.59826879882814,314.59826879882814,smooth
deployment_W076,310.61875659179685,318.61875659179685,smooth
deployment_W077,314.6392548828125,322.6392548828125,smooth
deployment_W078,318.6597573242188,326.6597573242188,smooth
deployment_W079,322.6802456054688,330.6802456054688,smooth
deployment_W080,326.70076953125,334.70076953125,smooth
deployment_W081,330.72131079101564,338.72131079101564,smooth
deployment_W082,334.74184619140624,342.74184619140624,smooth
deployment_W083,338.7623828125,346.7623828125,smooth
deployment_W084,342.7829069824219,350.7829069824219,smooth
deployment_W085,346.8034169921875,354.8034169921875,smooth
deployment_W086,350.823912109375,358.823912109375,smooth
deployment_W087,354.8443715820313,362.8443715820313,smooth
deployment_W088,358.864837890625,366.864837890625,smooth
deployment_W089,362.885310546875,370.885310546875,smooth
deployment_W090,366.9057834472656,374.9057834472656,smooth
deployment_W091,370.92625756835935,378.92625756835935,smooth
deployment_W092,374.9467541503906,382.9467541503906,smooth
deployment_W093,378.9672529296875,386.9672529296875,smooth
deployment_W094,382.9877390136719,390.9877390136719,smooth
deployment_W095,387.00824584960935,395.00824584960935,smooth
deployment_W096,391.028759765625,399.028759765625,smooth
deployment_W097,395.0492487792969,403.0492487792969,smooth
deployment_W098,399.0697299804688,407.0697299804688,smooth
deployment_W099,403.0902036132812,411.0902036132812,smooth
deployment_W100,407.1106684570312,415.1106684570312,smooth
deployment_W101,411.13112158203126,419.13112158203126,smooth
deployment_W102,415.1515446777344,423.1515446777344,smooth
deployment_W103,419.171953125,427.171953125,smooth
deployment_W104,423.1923942871094,431.1923942871094,smooth
deployment_W105,427.2128544921875,435.2128544921875,smooth
deployment_W106,431.2333288574219,439.2333288574219,bumpy
deployment_W107,435.2538051757812,443.2538051757812,bumpy
deployment_W108,439.27429345703126,447.27429345703126,bumpy
deployment_W109,443.2947578125,451.2947578125,bumpy
deployment_W110,447.3152062988281,455.3152062988281,bumpy
deployment_W111,451.3357075195312,459.3357075195312,smooth
deployment_W112,455.356287109375,463.356287109375,smooth
deployment_W113,459.3768469238281,467.3768469238281,smooth
deployment_W114,463.39738671875,471.39738671875,smooth
deployment_W115,467.4178928222656,475.4178928222656,smooth
deployment_W116,471.4383659667969,479.4383659667969,smooth
deployment_W117,475.4588342285156,483.4588342285156,smooth
deployment_W118,479.4792807617188,487.4792807617188,smooth
deployment_W119,483.4997255859375,491.4997255859375,smooth
deployment_W120,487.5201506347656,495.5201506347656,smooth
deployment_W121,491.5405642089844,499.5405642089844,smooth
deployment_W122,495.5609650878906,503.5609650878906,smooth
deployment_W123,499.5813405761719,507.5813405761719,smooth
deployment_W124,503.6016999511719,511.6016999511719,smooth
deployment_W125,507.62203955078127,515.6220395507812,smooth
deployment_W126,511.642384765625,519.642384765625,smooth
deployment_W127,515.66273046875,523.66273046875,smooth
deployment_W128,519.6830856933594,527.6830856933594,smooth
deployment_W129,523.7035090332031,531.7035090332031,smooth
deployment_W130,527.72394921875,535.72394921875,smooth
deployment_W131,531.7443920898437,539.7443920898437,smooth
deployment_W132,535.7648911132812,543.7648911132812,smooth
deployment_W133,539.7854152832032,547.7854152832032,smooth
deployment_W134,543.8059372558594,551.8059372558594,smooth
deployment_W135,547.8264377441407,555.8264377441407,smooth
deployment_W136,551.84692578125,559.84692578125,smooth
deployment_W137,555.8673969726563,563.8673969726563,smooth
deployment_W138,559.8878491210937,567.8878491210937,smooth
deployment_W139,563.9082692871094,571.9082692871094,smooth
deployment_W140,567.9286611328125,575.9286611328125,smooth
deployment_W141,571.9490505371094,579.9490505371094,smooth
deployment_W142,575.9694384765625,583.9694384765625,smooth
deployment_W143,579.9898264160156,587.9898264160156,smooth
deployment_W144,584.0102126464843,592.0102126464843,smooth
deployment_W145,588.0305925292969,596.0305925292969,smooth
deployment_W146,592.0509475097656,600.0509475097656,smooth
deployment_W147,596.0712849121094,604.0712849121094,smooth
deployment_W148,600.0916154785157,608.0916154785157,bumpy
deployment_W149,604.1119621582031,612.1119621582031,smooth
deployment_W150,608.1323103027344,616.1323103027344,smooth
deployment_W151,612.1526635742188,620.1526635742188,smooth
deployment_W152,616.1730261230468,624.1730261230468,smooth
deployment_W153,620.1933889160156,628.1933889160156,smooth
deployment_W154,624.2138869628906,632.2138869628906,smooth
deployment_W155,628.2346755371094,636.2346755371094,smooth
deployment_W156,632.2556928710937,640.2556928710937,smooth
deployment_W157,636.2767673339844,644.2767673339844,smooth
deployment_W158,640.2979577636719,648.2979577636719,smooth
deployment_W159,644.3193542480469,652.3193542480469,smooth
deployment_W160,648.3409890136719,656.3409890136719,bumpy
deployment_W161,652.3626127929688,660.3626127929688,smooth
deployment_W162,656.3841999511719,664.3841999511719,smooth
deployment_W163,660.4059196777343,668.4059196777343,smooth
deployment_W164,664.4278381347656,672.4278381347656,smooth
deployment_W165,668.4496030273438,676.4496030273438,smooth
deployment_W166,672.4711875,680.4711875,smooth
deployment_W167,676.4925983886719,684.4925983886719,smooth
deployment_W168,680.5138830566407,688.5138830566407,bumpy
deployment_W169,684.535087890625,692.535087890625,smooth
deployment_W170,688.5562514648437,696.5562514648437,smooth
deployment_W171,692.577408203125,700.577408203125,smooth
deployment_W172,696.5985205078125,704.5985205078125,smooth
deployment_W173,700.6196442871094,708.6196442871094,smooth
deployment_W174,704.6407219238281,712.6407219238281,smooth
deployment_W175,708.6617216796875,716.6617216796875,smooth
deployment_W176,712.6826508789062,720.6826508789062,smooth
deployment_W177,716.7035212402344,724.7035212402344,smooth
deployment_W178,720.7243479003906,728.7243479003906,smooth
deployment_W179,724.7451511230469,732.7451511230469,smooth
deployment_W180,728.7659250488281,736.7659250488281,smooth
deployment_W181,732.7866650390625,740.7866650390625,smooth
deployment_W182,736.8073864746094,744.8073864746094,smooth
deployment_W183,740.8280834960938,748.8280834960938,smooth
deployment_W184,744.8487709960938,752.8487709960938,smooth
deployment_W185,748.8694428710937,756.8694428710937,smooth
deployment_W186,752.8901044921874,760.8901044921874,smooth
deployment_W187,756.9107526855469,764.9107526855469,smooth
deployment_W188,760.9313933105469,768.9313933105469,smooth
deployment_W189,764.9520244140625,772.9520244140625,smooth
deployment_W190,768.9727375488281,776.9727375488281,bumpy
deployment_W191,772.9936157226563,780.9936157226563,bumpy
deployment_W192,777.0146376953124,785.0146376953124,smooth
deployment_W193,781.0357849121094,789.0357849121094,smooth
deployment_W194,785.0570439453124,793.0570439453124,smooth
deployment_W195,789.0783896484375,797.0783896484375,smooth
deployment_W196,793.0997785644531,801.0997785644531,smooth
deployment_W197,797.1212165527344,805.1212165527344,smooth
deployment_W198,801.1426794433594,809.1426794433594,smooth
deployment_W199,805.1641887207031,813.1641887207031,smooth
deployment_W200,809.185759765625,817.185759765625,smooth
deployment_W201,813.2074191894532,821.2074191894532,smooth
deployment_W202,817.2290251464843,825.2290251464843,smooth
deployment_W203,821.2504638671875,829.2504638671875,smooth
deployment_W204,825.2718171386718,833.2718171386718,smooth
deployment_W205,829.2930993652344,837.2930993652344,smooth
deployment_W206,833.3143200683594,841.3143200683594,smooth
deployment_W207,837.3355012207031,845.3355012207031,smooth
deployment_W208,841.356638671875,849.356638671875,smooth
deployment_W209,845.37774609375,853.37774609375,smooth
deployment_W210,849.3988232421875,857.3988232421875,smooth
deployment_W211,853.4198913574219,861.4198913574219,smooth
deployment_W212,857.4409147949219,865.4409147949219,smooth
deployment_W213,861.4618898925781,869.4618898925781,smooth
deployment_W214,865.4828225097656,873.4828225097656,bumpy
deployment_W215,869.5037336425781,877.5037336425781,bumpy
deployment_W216,873.5246171875,881.5246171875,bumpy
deployment_W217,877.5454831542969,885.5454831542969,smooth
deployment_W218,881.5663278808594,889.5663278808594,smooth
deployment_W219,885.5871479492188,893.5871479492188,smooth
deployment_W220,889.6079470214844,897.6079470214844,smooth
deployment_W221,893.6287309570313,901.6287309570313,smooth
deployment_W222,897.6495190429688,905.6495190429688,smooth
deployment_W223,901.6702905273436,909.6702905273436,smooth
deployment_W224,905.6910546875,913.6910546875,smooth
deployment_W225,909.7118205566406,917.7118205566406,smooth
deployment_W226,913.73259765625,921.73259765625,smooth
deployment_W227,917.7533669433594,925.7533669433594,smooth
deployment_W228,921.774124267578,929.774124267578,smooth
deployment_W229,925.7948701171877,933.7948701171877,smooth
deployment_W230,929.8156362304688,937.8156362304688,smooth
deployment_W231,933.8363889160156,941.8363889160156,smooth
deployment_W232,937.8571396484376,945.8571396484376,smooth
deployment_W233,941.8780324707031,949.8780324707031,smooth
deployment_W234,945.8989760742188,953.8989760742188,smooth
deployment_W235,949.9199169921876,957.9199169921876,bumpy
deployment_W236,953.940938232422,961.940938232422,bumpy
deployment_W237,957.962115234375,965.962115234375,smooth
deployment_W238,961.9834001464844,969.9834001464844,smooth
deployment_W239,966.0048425292968,974.0048425292968,bumpy
deployment_W240,970.0263637695311,978.0263637695311,bumpy
deployment_W241,974.0478132324218,982.0478132324218,bumpy
deployment_W242,978.06915625,986.06915625,smooth
deployment_W243,982.09033984375,990.09033984375,smooth
deployment_W244,986.1114074707032,994.1114074707032,smooth
deployment_W245,990.1323957519533,998.1323957519533,smooth
deployment_W246,994.1533200683592,1002.1533200683592,smooth
deployment_W247,998.1742114257812,1006.1742114257812,smooth
deployment_W248,1002.1950485839844,1010.1950485839844,smooth
deployment_W249,1006.2158474121094,1014.2158474121094,bumpy
deployment_W250,1010.2366208496094,1018.2366208496094,bumpy
