feature,fisher,MI_bits,fisher_min_fold,stability
vertbp_iqr,4.70042225569456,0.7298746176754645,3.6141975000073248,4
vertbp_madiff,4.571841787102144,0.7394494309735014,3.80296450498822,4
horiz_madiff,2.8556290666594206,0.693330800409093,2.106996054895402,4
horiz_iqr,1.9522383308075606,0.5075438927779621,1.3811895739781181,4
vertbp_p2p,1.8131445695834083,0.5664098729860083,1.4011452095444115,4
horiz_p95abs,1.6698009632483728,0.5583631077809352,1.1850667569737976,4
vert_p95abs,1.5196239336280515,0.442821264608095,1.3228243848582235,4
vert_iqr,1.3424923548744936,0.39648127408620437,1.1080419868794371,4
vert_bp8-15,1.137261670096847,0.628472037806852,0.9011390165562674,4
horiz_p2p,1.0524574616800941,0.5559245923283139,0.7536218173222599,1
gyro_madiff,0.9769700115957279,0.3529847146113447,0.6453833826189891,1
vert_bp3-8,0.83515803883015,0.5613065702164093,0.7777371586480581,1
vert_skew,0.8224945789645326,0.35341672724984635,0.6001006380015161,1
vert_bf3-8,0.7571579534443394,0.2736827700229731,0.6655036610719094,0
vert_bf0.5-3,0.7507364733242688,0.326836044029439,0.6031762654476933,0
vert_bp15-30,0.6066098388917082,0.5973777688358555,0.5616702572333878,0
vert_spec_entropy,0.5715936472648591,0.2954867743754258,0.4199116173323222,0
horiz_zcr,0.5503347201989027,0.18861049521567755,0.4168645566365041,0
gyro_bp15-30,0.47291557659057554,0.5025335934823322,0.31668943911579756,0
vert_zcr,0.4100190137658802,0.2872217069787774,0.2775567542427892,0
gyro_zcr,0.398391197865433,0.21709969519464925,0.3105126558053891,0
vert_centroid,0.34568298389271135,0.31131337532021286,0.24928028205624403,0
gyro_spec_entropy,0.3382318381726976,0.2639566663076509,0.20342410755820942,0
vertbp_skew,0.3186511199250014,0.14081340733402234,0.25764781147996607,0
gyro_bf8-15,0.3176952786248199,0.2390693889840901,0.19987731341882228,0
gyro_bp8-15,0.3060909250068071,0.39334516194461966,0.1807152884146178,0
horiz_skew,0.28510815660961825,0.16437352284624257,0.1825218519051584,0
gyro_p2p,0.28420199482332337,0.25761897759099195,0.12386305605708839,0
gyro_bf15-30,0.27224066825463417,0.3460004822387205,0.17969975727553616,0
gyro_centroid,0.26574127778706913,0.2160307451766121,0.15207881156638317,0
vert_bf8-15,0.15396157705554211,0.16618705227748642,0.09489833675312782,0
gyro_bp30-50,0.1400633187355884,0.36675262293870525,0.029005044495910147,0
gyro_bf0.5-3,0.13834224938738574,0.07770964571538931,0.0728458774231875,0
gyro_p95abs,0.13112502296364306,0.1806814442226153,0.031087582998463786,0
horiz_kurt,0.12603251718420713,0.142183116168774,0.08843917284935299,0
gyro_bp3-8,0.12481713723772808,0.15662225588138387,0.04085223685314708,0
vert_domfreq,0.122835995626218,0.1019686379102921,0.08304901475980159,0
vert_bf15-30,0.10909587903136009,0.09224764800720996,0.04407754297610133,0
gyro_skew,0.07735794507754432,0.10846441724669245,0.036957593279649016,0
vert_bp0.5-3,0.06907071981466026,0.2084301860634484,0.03505810815757037,0
gyro_bf30-50,0.0658983247153046,0.17851103162409263,0.030471860998468075,0
gyro_iqr,0.05138070526618956,0.117836889982399,0.0008570056802287345,0
vertbp_zcr,0.04367985441842027,0.090633830122017,0.009624618476001464,0
vert_kurt,0.04295836317577277,0.10238950246320166,0.03184425491259245,0
vert_bp30-50,0.03709436035261755,0.5316199855088835,0.007373839600723343,0
gyro_kurt,0.030137049644983326,0.15069491109714458,0.007203553438994195,0
gyro_bp0.5-3,0.027785657203177463,0.11756387298125517,0.0030888868785361595,0
gyro_bf3-8,0.02428861643789401,0.04684426866608026,0.0020518749654871676,0
vert_bf30-50,0.010281708115103086,0.047918890397981036,0.00039099616181938044,0
vertbp_kurt,0.0025341988928813406,0.009905281123512168,0.00011578702412068435,0
gyro_domfreq,1.4279070981373184e-05,0.09954626008066542,7.355442975099182e-07,0
