window_id,recording_id,participant,label,t_start
P01_B01_W000,P01_B01,P01,bumpy,5.166380859375004
P01_B01_W001,P01_B01,P01,bumpy,10.166380859375009
P01_B01_W002,P01_B01,P01,bumpy,15.166380859375014
P01_B01_W003,P01_B01,P01,bumpy,20.166380859375018
P01_B01_W004,P01_B01,P01,bumpy,25.16638085937502
P01_B01_W005,P01_B01,P01,bumpy,30.166380859375028
P01_B01_W006,P01_B01,P01,bumpy,35.16638085937503
P01_B01_W007,P01_B01,P01,bumpy,40.16638085937504
P01_B01_W008,P01_B01,P01,bumpy,45.166380859375046
P01_B01_W009,P01_B01,P01,bumpy,50.166380859375046
P01_B02_W000,P01_B02,P01,bumpy,5.144094238281254
P01_B02_W001,P01_B02,P01,bumpy,10.14409423828126
P01_B02_W002,P01_B02,P01,bumpy,15.144094238281264
P01_B02_W003,P01_B02,P01,bumpy,20.14409423828127
P01_B02_W004,P01_B02,P01,bumpy,25.144094238281276
P01_B03_W000,P01_B03,P01,bumpy,5.1308681640625045
P01_B03_W001,P01_B03,P01,bumpy,10.130868164062507
P01_B03_W002,P01_B03,P01,bumpy,15.130868164062514
P01_B03_W003,P01_B03,P01,bumpy,20.13086816406252
P01_B03_W004,P01_B03,P01,bumpy,25.13086816406252
P01_B04_W000,P01_B04,P01,bumpy,5.124778320312505
P01_B04_W001,P01_B04,P01,bumpy,10.124778320312508
P01_B04_W002,P01_B04,P01,bumpy,15.124778320312512
P01_B04_W003,P01_B04,P01,bumpy,20.12477832031252
P01_B04_W004,P01_B04,P01,bumpy,25.12477832031252
P01_B04_W005,P01_B04,P01,bumpy,30.12477832031253
P01_B04_W006,P01_B04,P01,bumpy,35.12477832031253
P01_B05_W000,P01_B05,P01,bumpy,5.174576416015629
P01_B05_W001,P01_B05,P01,bumpy,10.174576416015634
P01_B05_W002,P01_B05,P01,bumpy,15.17457641601564
P01_B05_W003,P01_B05,P01,bumpy,20.174576416015643
P01_B05_W004,P01_B05,P01,bumpy,25.174576416015647
P01_B05_W005,P01_B05,P01,bumpy,30.17457641601565
P01_B05_W006,P01_B05,P01,bumpy,35.174576416015654
P01_B05_W007,P01_B05,P01,bumpy,40.17457641601566
P01_B06_W000,P01_B06,P01,bumpy,5.149517333984379
P01_B06_W001,P01_B06,P01,bumpy,10.149517333984384
P01_B06_W002,P01_B06,P01,bumpy,15.14951733398439
P01_B06_W003,P01_B06,P01,bumpy,20.14951733398439
P01_S01_W000,P01_S01,P01,smooth,5.132104003906255
P01_S01_W001,P01_S01,P01,smooth,10.132104003906258
P01_S01_W002,P01_S01,P01,smooth,15.132104003906264
P01_S01_W003,P01_S01,P01,smooth,20.132104003906267
P01_S02_W000,P01_S02,P01,smooth,5.134150878906254
P01_S02_W001,P01_S02,P01,smooth,10.134150878906258
P01_S02_W002,P01_S02,P01,smooth,15.134150878906263
P01_S02_W003,P01_S02,P01,smooth,20.13415087890627
P01_S02_W004,P01_S02,P01,smooth,25.134150878906272
P01_S02_W005,P01_S02,P01,smooth,30.13415087890628
P01_S02_W006,P01_S02,P01,smooth,35.13415087890628
P01_S03_W000,P01_S03,P01,smooth,5.126684326171872
P01_S03_W001,P01_S03,P01,smooth,10.126684326171867
P01_S03_W002,P01_S03,P01,smooth,15.126684326171867
P01_S03_W003,P01_S03,P01,smooth,20.126684326171866
P01_S03_W004,P01_S03,P01,smooth,25.126684326171866
P01_S03_W005,P01_S03,P01,smooth,30.12668432617186
P01_S03_W006,P01_S03,P01,smooth,35.12668432617186
P01_S03_W007,P01_S03,P01,smooth,40.126684326171855
P01_S03_W008,P01_S03,P01,smooth,45.126684326171855
P01_S04_W000,P01_S04,P01,smooth,5.166381347656254
P01_S04_W001,P01_S04,P01,smooth,10.16638134765626
P01_S04_W002,P01_S04,P01,smooth,15.166381347656264
P01_S04_W003,P01_S04,P01,smooth,20.16638134765627
P01_S04_W004,P01_S04,P01,smooth,25.166381347656277
P01_S04_W005,P01_S04,P01,smooth,30.16638134765628
P01_S04_W006,P01_S04,P01,smooth,35.16638134765628
P01_S04_W007,P01_S04,P01,smooth,40.16638134765629
P01_S04_W008,P01_S04,P01,smooth,45.16638134765629
P01_S04_W009,P01_S04,P01,smooth,50.16638134765629
P01_S04_W010,P01_S04,P01,smooth,55.1663813476563
P01_S04_W011,P01_S04,P01,smooth,60.16638134765631
P02_B01_W000,P02_B01,P02,bumpy,5.072044189453125
P02_B01_W001,P02_B01,P02,bumpy,10.08790869140625
P02_B01_W002,P02_B01,P02,bumpy,15.1037275390625
P02_B01_W003,P02_B01,P02,bumpy,20.1195263671875
P02_B01_W004,P02_B01,P02,bumpy,25.135310791015623
P02_B01_W005,P02_B01,P02,bumpy,30.15107885742188
P02_B01_W006,P02_B01,P02,bumpy,35.16684106445312
P02_B01_W007,P02_B01,P02,bumpy,40.1825693359375
P02_B01_W008,P02_B01,P02,bumpy,45.1982880859375
P02_B01_W009,P02_B01,P02,bumpy,50.2139853515625
P02_B01_W010,P02_B01,P02,bumpy,55.22967138671875
P02_B01_W011,P02_B01,P02,bumpy,60.2453388671875
P02_B01_W012,P02_B01,P02,bumpy,65.26098876953125
P02_B02_W000,P02_B02,P02,bumpy,5.060398681640625
P02_B02_W001,P02_B02,P02,bumpy,10.076396484375
P02_B02_W002,P02_B02,P02,bumpy,15.092343017578123
P02_B02_W003,P02_B02,P02,bumpy,20.10823828125
P02_B02_W004,P02_B02,P02,bumpy,25.12408471679688
P02_B02_W005,P02_B02,P02,bumpy,30.1399033203125
P02_B02_W006,P02_B02,P02,bumpy,35.15570068359375
P02_B02_W007,P02_B02,P02,bumpy,40.17146899414063
P02_B02_W008,P02_B02,P02,bumpy,45.18721142578125
P02_B02_W009,P02_B02,P02,bumpy,50.20292309570313
P02_B02_W010,P02_B02,P02,bumpy,55.218611328125
P02_B03_W000,P02_B03,P02,bumpy,5.064543212890625
P02_B03_W001,P02_B03,P02,bumpy,10.08044677734375
P02_B03_W002,P02_B03,P02,bumpy,15.096420654296876
P02_B03_W003,P02_B03,P02,bumpy,20.11247412109375
P02_B03_W004,P02_B03,P02,bumpy,25.128570068359377
P02_B03_W005,P02_B03,P02,bumpy,30.144664306640625
P02_B03_W006,P02_B03,P02,bumpy,35.160734130859375
P02_B03_W007,P02_B03,P02,bumpy,40.176786376953125
P02_B03_W008,P02_B03,P02,bumpy,45.19281030273437
P02_B03_W009,P02_B03,P02,bumpy,50.20880810546875
P02_B03_W010,P02_B03,P02,bumpy,55.22477758789063
P02_B03_W011,P02_B03,P02,bumpy,60.24075
P02_B04_W000,P02_B04,P02,bumpy,5.041602783203125
P02_B04_W001,P02_B04,P02,bumpy,10.0575791015625
P02_B04_W002,P02_B04,P02,bumpy,15.073538330078126
P02_B04_W003,P02_B04,P02,bumpy,20.08945703125
P02_B04_W004,P02_B04,P02,bumpy,25.105342041015625
P02_B04_W005,P02_B04,P02,bumpy,30.121209228515625
P02_B04_W006,P02_B04,P02,bumpy,35.1370498046875
P02_B04_W007,P02_B04,P02,bumpy,40.152881103515625
P02_B04_W008,P02_B04,P02,bumpy,45.168685546875
P02_B04_W009,P02_B04,P02,bumpy,50.18448461914063
P02_B04_W010,P02_B04,P02,bumpy,55.20027026367188
P02_B04_W011,P02_B04,P02,bumpy,60.21604614257812
P02_B04_W012,P02_B04,P02,bumpy,65.23181518554688
P02_S01_W000,P02_S01,P02,smooth,5.09900634765625
P02_S01_W001,P02_S01,P02,smooth,10.115438232421877
P02_S01_W002,P02_S01,P02,smooth,15.131828125
P02_S01_W003,P02_S01,P02,smooth,20.14816552734375
P02_S01_W004,P02_S01,P02,smooth,25.164439208984376
P02_S01_W005,P02_S01,P02,smooth,30.18066357421875
P02_S01_W006,P02_S01,P02,smooth,35.196845703125
P02_S01_W007,P02_S01,P02,smooth,40.21300366210937
P02_S01_W008,P02_S01,P02,smooth,45.229141845703126
P02_S01_W009,P02_S01,P02,smooth,50.24521704101563
P02_S01_W010,P02_S01,P02,smooth,55.26121630859375
P02_S01_W011,P02_S01,P02,smooth,60.277162109375
P02_S01_W012,P02_S01,P02,smooth,65.2930625
P02_S01_W013,P02_S01,P02,smooth,70.30892749023438
P02_S01_W014,P02_S01,P02,smooth,75.32476831054687
P02_S01_W015,P02_S01,P02,smooth,80.34058251953125
P02_S01_W016,P02_S01,P02,smooth,85.3563779296875
P02_S01_W017,P02_S01,P02,smooth,90.372146484375
P02_S01_W018,P02_S01,P02,smooth,95.38789111328126
P02_S01_W019,P02_S01,P02,smooth,100.4036240234375
P02_S01_W020,P02_S01,P02,smooth,105.4193427734375
P02_S01_W021,P02_S01,P02,smooth,110.43504638671877
P02_S01_W022,P02_S01,P02,smooth,115.45073559570312
P02_S02_W000,P02_S02,P02,smooth,5.1407607421875
P02_S02_W001,P02_S02,P02,smooth,10.15586083984375
P02_S02_W002,P02_S02,P02,smooth,15.170983642578124
P02_S02_W003,P02_S02,P02,smooth,20.186109375
P02_S02_W004,P02_S02,P02,smooth,25.20122705078125
P02_S02_W005,P02_S02,P02,smooth,30.2163310546875
P02_S02_W006,P02_S02,P02,smooth,35.23142163085937
P02_S02_W007,P02_S02,P02,smooth,40.24650146484375
P02_S02_W008,P02_S02,P02,smooth,45.26156762695312
P02_S02_W009,P02_S02,P02,smooth,50.27661889648437
P02_S02_W010,P02_S02,P02,smooth,55.29166064453125
P02_S02_W011,P02_S02,P02,smooth,60.3066923828125
P02_S03_W000,P02_S03,P02,smooth,5.108607421875
P02_S03_W001,P02_S03,P02,smooth,10.12478125
P02_S03_W002,P02_S03,P02,smooth,15.140953369140624
P02_S03_W003,P02_S03,P02,smooth,20.157101318359373
P02_S03_W004,P02_S03,P02,smooth,25.17322998046875
P02_S03_W005,P02_S03,P02,smooth,30.18936010742188
P02_S03_W006,P02_S03,P02,smooth,35.205521240234376
P02_S03_W007,P02_S03,P02,smooth,40.22171850585938
P02_S03_W008,P02_S03,P02,smooth,45.23791088867188
P02_S03_W009,P02_S03,P02,smooth,50.2540849609375
P02_S03_W010,P02_S03,P02,smooth,55.27022705078125
P02_S03_W011,P02_S03,P02,smooth,60.28633129882813
P02_S04_W000,P02_S04,P02,smooth,5.058193359375
P02_S04_W001,P02_S04,P02,smooth,10.074040283203123
P02_S04_W002,P02_S04,P02,smooth,15.089871826171876
P02_S04_W003,P02_S04,P02,smooth,20.10567919921875
P02_S04_W004,P02_S04,P02,smooth,25.121452392578124
P02_S04_W005,P02_S04,P02,smooth,30.1372001953125
P02_S04_W006,P02_S04,P02,smooth,35.15292114257812
P02_S04_W007,P02_S04,P02,smooth,40.168616943359375
P02_S04_W008,P02_S04,P02,smooth,45.18428540039063
P02_S04_W009,P02_S04,P02,smooth,50.19993286132812
P02_S04_W010,P02_S04,P02,smooth,55.21555786132812
P02_S04_W011,P02_S04,P02,smooth,60.23116967773438
P02_S04_W012,P02_S04,P02,smooth,65.24677807617188
P02_S04_W013,P02_S04,P02,smooth,70.2623896484375
P03_B01_W000,P03_B01,P03,bumpy,5.06209912109375
P03_B01_W001,P03_B01,P03,bumpy,10.063151611328124
P03_B01_W002,P03_B01,P03,bumpy,15.0641953125
P03_B01_W003,P03_B01,P03,bumpy,20.065198486328125
P03_B01_W004,P03_B01,P03,bumpy,25.06614501953125
P03_B01_W005,P03_B01,P03,bumpy,30.067040771484372
P03_B01_W006,P03_B01,P03,bumpy,35.06789208984375
P03_B01_W007,P03_B01,P03,bumpy,40.068703125
P03_B01_W008,P03_B01,P03,bumpy,45.06948266601562
P03_B01_W009,P03_B01,P03,bumpy,50.07022900390625
P03_B01_W010,P03_B01,P03,bumpy,55.07094921875
P03_B01_W011,P03_B01,P03,bumpy,60.07164965820313
P03_B01_W012,P03_B01,P03,bumpy,65.07236059570313
P03_B01_W013,P03_B01,P03,bumpy,70.0730791015625
P03_B01_W014,P03_B01,P03,bumpy,75.0737958984375
P03_B01_W015,P03_B01,P03,bumpy,80.07449536132812
P03_B01_W016,P03_B01,P03,bumpy,85.07516796875
P03_B01_W017,P03_B01,P03,bumpy,90.07582397460938
P03_B01_W018,P03_B01,P03,bumpy,95.07648706054688
P03_B01_W019,P03_B01,P03,bumpy,100.07717797851562
P03_B01_W020,P03_B01,P03,bumpy,105.07789965820312
P03_B02_W000,P03_B02,P03,bumpy,5.0654951171875
P03_B02_W001,P03_B02,P03,bumpy,10.067125244140623
P03_B02_W002,P03_B02,P03,bumpy,15.068645751953126
P03_B02_W003,P03_B02,P03,bumpy,20.07006201171875
P03_B02_W004,P03_B02,P03,bumpy,25.07142944335937
P03_B02_W005,P03_B02,P03,bumpy,30.072757080078127
P03_B02_W006,P03_B02,P03,bumpy,35.0740205078125
P03_B02_W007,P03_B02,P03,bumpy,40.07522534179687
P03_B02_W008,P03_B02,P03,bumpy,45.07637768554687
P03_B02_W009,P03_B02,P03,bumpy,50.077486083984375
P03_B02_W010,P03_B02,P03,bumpy,55.07855541992188
P03_B02_W011,P03_B02,P03,bumpy,60.079575927734375
P03_B02_W012,P03_B02,P03,bumpy,65.0805341796875
P03_B02_W013,P03_B02,P03,bumpy,70.08143286132812
P03_B02_W014,P03_B02,P03,bumpy,75.08228271484376
P03_B02_W015,P03_B02,P03,bumpy,80.08308544921876
P03_B02_W016,P03_B02,P03,bumpy,85.083849609375
P03_B02_W017,P03_B02,P03,bumpy,90.08459008789065
P03_B02_W018,P03_B02,P03,bumpy,95.08533056640626
P03_B03_W000,P03_B03,P03,bumpy,5.031782470703125
P03_B03_W001,P03_B03,P03,bumpy,10.0335947265625
P03_B03_W002,P03_B03,P03,bumpy,15.0354052734375
P03_B03_W003,P03_B03,P03,bumpy,20.03721264648437
P03_B03_W004,P03_B03,P03,bumpy,25.039023681640625
P03_B03_W005,P03_B03,P03,bumpy,30.040833251953124
P03_B03_W006,P03_B03,P03,bumpy,35.04263989257812
P03_B03_W007,P03_B03,P03,bumpy,40.04444091796875
P03_B03_W008,P03_B03,P03,bumpy,45.0462333984375
P03_B04_W000,P03_B04,P03,bumpy,5.0412841796875
P03_B04_W001,P03_B04,P03,bumpy,10.0432216796875
P03_B04_W002,P03_B04,P03,bumpy,15.045120361328124
P03_B04_W003,P03_B04,P03,bumpy,20.046970947265624
P03_B04_W004,P03_B04,P03,bumpy,25.0487822265625
P03_B04_W005,P03_B04,P03,bumpy,30.050563720703124
P03_B04_W006,P03_B04,P03,bumpy,35.0523212890625
P03_B04_W007,P03_B04,P03,bumpy,40.0540537109375
P03_B04_W008,P03_B04,P03,bumpy,45.0557861328125
P03_S01_W000,P03_S01,P03,smooth,5.055952392578125
P03_S01_W001,P03_S01,P03,smooth,10.057238037109377
P03_S01_W002,P03_S01,P03,smooth,15.05853955078125
P03_S01_W003,P03_S01,P03,smooth,20.05982763671875
P03_S01_W004,P03_S01,P03,smooth,25.06108447265625
P03_S01_W005,P03_S01,P03,smooth,30.06231713867188
P03_S01_W006,P03_S01,P03,smooth,35.063517578125
P03_S01_W007,P03_S01,P03,smooth,40.06468359375
P03_S01_W008,P03_S01,P03,smooth,45.06582421875
P03_S01_W009,P03_S01,P03,smooth,50.06693994140625
P03_S01_W010,P03_S01,P03,smooth,55.068031005859375
P03_S01_W011,P03_S01,P03,smooth,60.06910302734375
P03_S01_W012,P03_S01,P03,smooth,65.07016235351563
P03_S01_W013,P03_S01,P03,smooth,70.0712080078125
P03_S02_W000,P03_S02,P03,smooth,5.01940869140625
P03_S02_W001,P03_S02,P03,smooth,10.02161669921875
P03_S02_W002,P03_S02,P03,smooth,15.023798095703125
P03_S02_W003,P03_S02,P03,smooth,20.02592578125
P03_S02_W004,P03_S02,P03,smooth,25.02800073242188
P03_S02_W005,P03_S02,P03,smooth,30.03003295898437
P03_S02_W006,P03_S02,P03,smooth,35.03202490234375
P03_S02_W007,P03_S02,P03,smooth,40.03398510742188
P03_S02_W008,P03_S02,P03,smooth,45.035917236328125
P03_S02_W009,P03_S02,P03,smooth,50.03783276367187
P03_S02_W010,P03_S02,P03,smooth,55.03974145507812
P03_S02_W011,P03_S02,P03,smooth,60.04163623046875
P03_S03_W000,P03_S03,P03,smooth,5.055466552734375
P03_S03_W001,P03_S03,P03,smooth,10.057100341796875
P03_S03_W002,P03_S03,P03,smooth,15.058716552734374
P03_S03_W003,P03_S03,P03,smooth,20.06031787109375
P03_S03_W004,P03_S03,P03,smooth,25.061903564453125
P03_S03_W005,P03_S03,P03,smooth,30.06347827148437
P03_S03_W006,P03_S03,P03,smooth,35.065048828125
P03_S03_W007,P03_S03,P03,smooth,40.06661376953125
P03_S03_W008,P03_S03,P03,smooth,45.06817504882813
P03_S04_W000,P03_S04,P03,smooth,5.054352294921875
P03_S04_W001,P03_S04,P03,smooth,10.05586083984375
P03_S04_W002,P03_S04,P03,smooth,15.05737353515625
P03_S04_W003,P03_S04,P03,smooth,20.058888427734374
P03_S04_W004,P03_S04,P03,smooth,25.06040869140625
P03_S04_W005,P03_S04,P03,smooth,30.06193408203125
P03_S04_W006,P03_S04,P03,smooth,35.063468017578124
P03_S04_W007,P03_S04,P03,smooth,40.065013671875
P03_S04_W008,P03_S04,P03,smooth,45.06656567382812
P03_S04_W009,P03_S04,P03,smooth,50.06812744140625
